function,func_child
Vision_One_Account_App_Usage_Trending,Vision_One_Account_App_Usage_Trending_Sase
Vision_One_Account_App_Usage_Trending,Vision_One_Account_App_Usage_Trending_Assessment_Service_UI
Vision_One_Account_App_Usage_Trending,Vision_One_Account_App_Usage_Trending_Detection_Model_Management_API
Vision_One_Account_App_Usage_Trending,Vision_One_Account_App_Usage_Trending_Detection_Model_Management_UI
Vision_One_Account_App_Usage_Trending,Vision_One_Account_App_Usage_Trending_Early_Warning_UI
Vision_One_Account_App_Usage_Trending,Vision_One_Account_App_Usage_Trending_Email_Account_Inventory_API
Vision_One_Account_App_Usage_Trending,Vision_One_Account_App_Usage_Trending_Email_Account_Inventory_UI
Vision_One_Account_App_Usage_Trending,Vision_One_Account_App_Usage_Trending_Login_UI
Vision_One_Account_App_Usage_Trending,Vision_One_Account_App_Usage_Trending_Managed_XDR_UI
Vision_One_Account_App_Usage_Trending,Vision_One_Account_App_Usage_Trending_Network_Inventory_UI
Vision_One_Account_App_Usage_Trending,Vision_One_Account_App_Usage_Trending_OAT_API
Vision_One_Account_App_Usage_Trending,Vision_One_Account_App_Usage_Trending_OAT_UI
Vision_One_Account_App_Usage_Trending,Vision_One_Account_App_Usage_Trending_Response_API
Vision_One_Account_App_Usage_Trending,Vision_One_Account_App_Usage_Trending_Response_UI
Vision_One_Account_App_Usage_Trending,Vision_One_Account_App_Usage_Trending_Search_API
Vision_One_Account_App_Usage_Trending,Vision_One_Account_App_Usage_Trending_Search_UI
Vision_One_Account_App_Usage_Trending,Vision_One_Account_App_Usage_Trending_Service_Gateway_Inventory_UI
Vision_One_Account_App_Usage_Trending,Vision_One_Account_App_Usage_Trending_slog
Vision_One_Account_App_Usage_Trending,Vision_One_Account_App_Usage_Trending_Workbench_API
Vision_One_Account_App_Usage_Trending,Vision_One_Account_App_Usage_Trending_Workbench_UI
Vision_One_Account_App_Usage_Trending,Vision_One_Account_App_Usage_Trending_Attack_Surface_Discovery_UI
Vision_One_Account_App_Usage_Trending,Vision_One_Account_App_Usage_Trending_Endpoints_Policies_UI
Vision_One_Account_App_Usage_Trending,Vision_One_Account_App_Usage_Trending_Endpoint_Inventory_UI
Vision_One_Account_App_Usage_Trending,Vision_One_Account_App_Usage_Trending_Executive_Dashboard_UI
Vision_One_Account_App_Usage_Trending,Vision_One_Account_App_Usage_Trending_Report_Management_UI
Vision_One_Account_App_Usage_Trending,Vision_One_Account_App_Usage_Trending_Sandbox_Analysis_UI
Vision_One_Account_App_Usage_Trending,Vision_One_Account_App_Usage_Trending_Security_Playbook_UI
Vision_One_Account_App_Usage_Trending,Vision_One_Account_App_Usage_Trending_Zero_Trust_Secure_Access_UI
Vision_One_Account_App_Usage_Trending,Vision_One_Account_App_Usage_Trending_Campaign_Intel_UI
Vision_One_Account_App_Usage_Trending,Vision_One_Account_App_Usage_Trending_Intel_Reports_UI
Vision_One_Account_App_Usage_Trending,Vision_One_Account_App_Usage_Trending_SO_Mgmt_UI
Vision_One_Account_App_Usage_Trending,Vision_One_Account_App_Usage_Trending_Forensics_And_Analysis_UI
Vision_One_Account_App_Usage_Trending,Vision_One_Account_App_Usage_Trending_Mobile_Inventory_UI
Vision_One_Account_App_Usage_Trending,Vision_One_Account_App_Usage_Trending_Mobile_Security_UI
Vision_One_Account_App_Usage_Trending,Vision_One_Account_App_Usage_Trending_Network_Intrusion_Prevention_UI
Vision_One_Account_App_Usage_Trending,Vision_One_Account_App_Usage_Trending_Security_Dashboard_UI
CE_get_all_customer_engagement_metrics,CE_get_ti_manualsweeping
CE_get_all_customer_engagement_metrics,CE_get_search_features
CE_get_all_customer_engagement_metrics,CE_get_dashboard_features
CE_get_all_customer_engagement_metrics,CE_get_sensor_deploy_features
CE_get_all_customer_engagement_metrics,CE_get_TPI_enabled
CE_get_all_customer_engagement_metrics,CE_get_security_configure_metrics
CE_get_all_customer_engagement_metrics,CE_get_Logon_info
CE_get_all_customer_engagement_metrics,CE_get_risk_insight_metrics
CE_get_all_customer_engagement_metrics,CE_get_early_warning_metrics
CE_get_all_customer_engagement_metrics,CE_get_misc_metrics
CE_get_all_customer_engagement_metrics,CE_get_wb_severity_touch
CE_get_all_customer_engagement_metrics,CE_get_oat_expand_detail
CE_get_all_customer_engagement_metrics,CE_get_OAT_engagement
CE_get_all_customer_engagement_metrics,CE_get_wb_engagement
RA_Assessment_Existing_Customer_With_Sensor_Deployed_React_Funnel,slog_ubtaudit
RA_Assessment_Existing_Customer_With_Sensor_Deployed_React_Funnel,CLP_WITH_V1_ACTIVE_LICENSE_DAILY
RA_Assessment_Existing_Customer_With_Sensor_Deployed_React_Funnel,RA_Assessment_Customer
RA_Assessment_Existing_Customer_With_Sensor_Deployed_React_Funnel,RA_Assessment_Completed_Customer
RA_Assessment_Existing_Customer_With_Sensor_Deployed_React_Funnel,RA_Assessment_Trigger_WB_Customer
RA_Assessment_Existing_Customer_With_Sensor_Deployed_React_Funnel,RA_Assessment_Touched_WB_Customer
RA_Assessment_Existing_Customer_With_Sensor_Deployed_React_Funnel,RA_Assessment_Customer_Company_Size
RA_Assessment_Existing_Customer_With_Sensor_Deployed_React_Funnel,RA_Assessment_ZTRI_Configured_Customer
RA_Assessment_Existing_Customer_With_Sensor_Deployed_React_Funnel,RA_Assessment_ZTRI_Action_Taken_Customer
Func_V1_App_Usage_detail,slog_ubtaudit
Func_V1_App_Usage_detail,SANDBOX_ANALYSIS_ACTIVE_CLP_FUNC
Func_V1_App_Usage_detail,CLP_WHO_INUSE_ZTRI
Func_V1_App_Usage_detail,CLP_WHO_DEPLOY_ZTSA
Func_V1_App_Usage_detail,Reports_Inuse
Func_V1_App_Usage_detail,TRI_get_enter_page_raw_data
Func_V1_App_Usage_detail,Func_Forensics_And_Analysis_Use
Func_V1_App_Usage_detail,Func_NIPS_Use
Func_V1_App_Usage_detail,Func_pendo_track_type_mapping
Func_CLP_Account_Risk_Insights_UBT_BF738,TRI_get_enter_page_metrics_unpivot
Func_CLP_Account_Risk_Insights_UBT_BF738,Func_V1_Accumulated_Cus
Func_CLP_Account_Risk_Insights_UBT_BF738,TRI_get_security_playbook_metrics
Func_CLP_Account_Risk_Insights_UBT_BF738,Func_Hubble_MAP_Data_Source_By_Risk_Factor
Func_CLP_Account_Risk_Insights_UBT_BF738,Func_pendo_track_type_mapping
Func_CLP_Account_Risk_Insights_UBT_BF738,Func_Hubble_MAP_Data_Source_Type_BF738
Func_CLP_Account_Risk_Insights_UBT_BF738,TRI_get_enabled_data_source_detail_BF738
Func_CLP_Account_Risk_Insights_UBT_BF738,TRI_get_enabled_data_source_count_BF738
Func_CLP_Account_Risk_Insights_UBT,TRI_get_enabled_data_source_detail
Func_CLP_Account_Risk_Insights_UBT,TRI_get_enabled_data_source_count
Func_CLP_Account_Risk_Insights_UBT,TRI_get_enter_page_metrics_unpivot
Func_CLP_Account_Risk_Insights_UBT,Func_V1_Accumulated_Cus
Func_CLP_Account_Risk_Insights_UBT,TRI_get_security_playbook_metrics
Func_CLP_Account_Risk_Insights_UBT,Func_Hubble_MAP_Data_Source_Type
Func_CLP_Account_Risk_Insights_UBT,Func_Hubble_MAP_Data_Source_By_Risk_Factor
Func_CLP_Account_Risk_Insights_UBT,Func_pendo_track_type_mapping
CES2_Risk_Insights,slog_ubtaudit
CES2_Risk_Insights,Reports_Inuse
CES2_Risk_Insights,TRI_get_enabled_data_source_count
CES2_Risk_Insights,RI_visit_RI_apps
CES2_Risk_Insights,RI_mitigate_or_prevent_risk_feature_list
CES2_Risk_Insights,RI_access_risk_feature_list
CES2_Risk_Insights,RI_general_feature_list
CES2_Risk_Insights,Func_exclude_role_mapping
RA_Assessment_Customer_React_Funnel_Try_Enable_Sensor,RA_Assessment_Customer
RA_Assessment_Customer_React_Funnel_Try_Enable_Sensor,RA_Assessment_Completed_Customer
RA_Assessment_Customer_React_Funnel_Try_Enable_Sensor,RA_Assessment_Trigger_WB_Customer
RA_Assessment_Customer_React_Funnel_Try_Enable_Sensor,RA_Assessment_Touched_WB_Customer
RA_Assessment_Customer_React_Funnel_Try_Enable_Sensor,RA_Assessment_Customer_Company_Size
RA_Assessment_Customer_React_Funnel_Try_Enable_Sensor,RA_Assessment_ZTRI_Configured_Customer
RA_Assessment_Customer_React_Funnel_Try_Enable_Sensor,RA_Assessment_ZTRI_Action_Taken_Customer
GET_V1_PAGE,GET_V1_RI_PAGE
GET_V1_PAGE,GET_V1_XDR_PAGE
GET_V1_PAGE,GET_V1_TI_PAGE
GET_V1_PAGE,GET_V1_WAA_PAGE
GET_V1_PAGE,GET_V1_ZTSA_PAGE
GET_V1_PAGE,GET_V1_MOBILE_PAGE
GET_V1_PAGE,GET_V1_EAI_PAGE_V2
Func_CLP_Account_UBT_Simple_Pre_20200901,slog_ubtaudit
Func_CLP_Account_UBT_Simple_Pre_20200901,Func_CLP_Account_UBT_Channel
Func_CLP_Account_UBT_Simple_Pre_20200901,MOBILE_SECURITY_ENROLLED_DEVICE_FUNC
Func_CLP_Account_UBT_Simple_Pre_20200901,Func_CLP_Account_UBT_App_Usage_Pre_20200901
Func_CLP_Account_UBT_Simple_Pre_20200901,Func_Product_Connect_Status_Hubble
Func_CLP_Account_UBT_Simple_Pre_20200901,Func_Sandbox_Manually_Submission
Func_CLP_Account_UBT_Simple_Pre_20200901,Func_Sandbox_Response_Submission
Func_V1_Engagement_Score_v2,CES2_XDR_Threat_Investigation
Func_V1_Engagement_Score_v2,CES2_Risk_Insights
Func_V1_Engagement_Score_v2,CES2_Threat_Intelligence
Func_V1_Engagement_Score_v2,CES2_Workflow_and_Automation
Func_V1_Engagement_Score_v2,CES2_Sensor_Deployment
Func_V1_Engagement_Score_v2,CES2_V1_Login
Func_V1_Engagement_Score_v2,CES2_Zero_Trust_Secure_Access
CE_get_wb_engagement_bak,XDR_created_WB
CE_get_wb_engagement_bak,CE_get_wb_close_rate
CE_get_wb_engagement_bak,CE_get_wb_decisive_response_rate
CE_get_wb_engagement_bak,CE_get_wb_FP_close_rate
CE_get_wb_engagement_bak,CE_get_wb_investigate_rate
CE_get_wb_engagement_bak,CE_get_wb_touch_rate
CE_get_wb_engagement_bak,CE_get_wb_visit
ZTSA_ZTNA_Basic_Get_Configuration,ZTSA_ZTNA_Basic_Get_Provision
ZTSA_ZTNA_Basic_Get_Configuration,ZTSA_ZTNA_Basic_Get_IAM
ZTSA_ZTNA_Basic_Get_Configuration,ZTSA_ZTNA_Basic_Get_App
ZTSA_ZTNA_Basic_Get_Configuration,ZTSA_ZTNA_Basic_Get_Connector
ZTSA_ZTNA_Basic_Get_Configuration,ZTSA_ZTNA_Basic_Get_PRule
ZTSA_ZTNA_Basic_Get_Configuration,ZTSA_ZTNA_Basic_Get_SSO
ZTSA_ZTNA_Basic_Get_Configuration,ZTSA_ZTNA_Basic_Get_Agent
Func_CLP_Account_UBT_App_Usage_bak,XDR_created_WB
Func_CLP_Account_UBT_App_Usage_bak,slog_ubtaudit
Func_CLP_Account_UBT_App_Usage_bak,Func_CLP_Account_UBT_Channel
Func_CLP_Account_UBT_App_Usage_bak,SANDBOX_ANALYSIS_ACTIVE_CLP_FUNC
Func_CLP_Account_UBT_App_Usage_bak,CLP_WHO_INUSE_ZTRI
Func_CLP_Account_UBT_App_Usage_bak,CLP_WHO_DEPLOY_ZTSA
Func_CLP_Account_UBT_App_Usage_bak,Reports_Inuse
RA_Assessment_Customer_React_Funnel,RA_Assessment_Customer
RA_Assessment_Customer_React_Funnel,RA_Assessment_Completed_Customer
RA_Assessment_Customer_React_Funnel,RA_Assessment_Trigger_WB_Customer
RA_Assessment_Customer_React_Funnel,RA_Assessment_Touched_WB_Customer
RA_Assessment_Customer_React_Funnel,RA_Assessment_Customer_Company_Size
RA_Assessment_Customer_React_Funnel,RA_Assessment_ZTRI_Configured_Customer
RA_Assessment_Customer_React_Funnel,RA_Assessment_ZTRI_Action_Taken_Customer
CE_get_wb_engagement,XDR_created_WB
CE_get_wb_engagement,CE_get_wb_close_rate
CE_get_wb_engagement,CE_get_wb_decisive_response_rate
CE_get_wb_engagement,CE_get_wb_FP_close_rate
CE_get_wb_engagement,CE_get_wb_investigate_rate
CE_get_wb_engagement,CE_get_wb_touch_rate
CE_get_wb_engagement,CE_get_wb_visit_v2
ZTSA_ZTNA_Customer_Setting,slog_ubtaudit
ZTSA_ZTNA_Customer_Setting,CLP_WHO_VISIT_ZTSA
ZTSA_ZTNA_Customer_Setting,CLP_WITH_V1_ACTIVE_LICENSE_DAILY
ZTSA_ZTNA_Customer_Setting,Get_ZTSA_Rules
ZTSA_ZTNA_Customer_Setting,CLP_WHO_DEPLOY_ZTSA
ZTSA_ZTNA_Customer_Setting,CLP_WHO_USE_ZTSA
ZTSA_ZTNA_Customer_Profile,slog_ubtaudit
ZTSA_ZTNA_Customer_Profile,CLP_WHO_VISIT_ZTSA
ZTSA_ZTNA_Customer_Profile,CLP_WITH_V1_ACTIVE_LICENSE_DAILY
ZTSA_ZTNA_Customer_Profile,Get_ZTSA_Rules
ZTSA_ZTNA_Customer_Profile,CLP_WHO_DEPLOY_ZTSA
ZTSA_ZTNA_Customer_Profile,CLP_WHO_USE_ZTSA
Func_CLP_Account_UBT_Simple_bak,slog_ubtaudit
Func_CLP_Account_UBT_Simple_bak,Func_CLP_Account_UBT_Channel
Func_CLP_Account_UBT_Simple_bak,Func_Product_Connect_Status_Hubble
Func_CLP_Account_UBT_Simple_bak,Func_Sandbox_Submission
Func_CLP_Account_UBT_Simple_bak,Func_V1_App_Usage_by_CLP
Func_CLP_Account_UBT_Simple_bak,Func_Mobile_Security_Enrolled_Customer
swg_ubt_analysis,slog_ubtaudit
swg_ubt_analysis,CLP_WITH_V1_ACTIVE_LICENSE_DAILY
swg_ubt_analysis,xdr_matomo_events_max
swg_ubt_analysis,V1_Parse_Element_Click
swg_ubt_analysis,ZTSA_Customer_CLP_date_time
swg_ubt_analysis,ZTSA_ZTNA_Basic_Get_SSO
CES2_Risk_Insights_bak0329,Reports_Inuse
CES2_Risk_Insights_bak0329,TRI_get_enabled_data_source_count
CES2_Risk_Insights_bak0329,RI_mitigate_or_prevent_risk_feature
CES2_Risk_Insights_bak0329,RI_access_risk_feature
CES2_Risk_Insights_bak0329,RI_general_feature
CES2_Risk_Insights_bak0329,RI_visit_RI_apps
Func_CLP_Account_UBT_Simple,slog_ubtaudit
Func_CLP_Account_UBT_Simple,Func_CLP_Account_UBT_Channel
Func_CLP_Account_UBT_Simple,Func_Product_Connect_Status_Hubble
Func_CLP_Account_UBT_Simple,Func_Sandbox_Submission
Func_CLP_Account_UBT_Simple,Func_V1_App_Usage_by_CLP
Func_CLP_Account_UBT_Simple,Func_Mobile_Security_Enrolled_Customer
onelink_get_app_launch_table,onelink_is_module_event_valid
onelink_get_app_launch_table,onelink_map_module_to_product_name
onelink_get_app_launch_table,onelink_map_module_to_destination
onelink_get_app_launch_table,onelink_map_additional_info_to_one_link_info
onelink_get_app_launch_table,Product_Name
Tree_View_Workbench_bak,XDR_created_WB
Tree_View_Workbench_bak,XDR_get_decisive_response
Tree_View_Workbench_bak,XDR_visit_WB
Tree_View_Workbench_bak,XDR_get_workbench_investigate
Tree_View_Workbench_bak,XDR_touched_WB_base
Func_RI_UBT_t,TRI_get_enabled_data_source_detail
Func_RI_UBT_t,TRI_get_enabled_data_source_count
Func_RI_UBT_t,TRI_get_enter_page_metrics_unpivot
Func_RI_UBT_t,Func_V1_Accumulated_Cus
Func_RI_UBT_t,TRI_get_security_playbook_metrics
CES2_XDR_Threat_Investigation,XDR_visit_DIR_Apps
CES2_XDR_Threat_Investigation,XDR_investigate_DIR_Apps
CES2_XDR_Threat_Investigation,XDR_adv_features_DIR_Apps
CES2_XDR_Threat_Investigation,XDR_touched_DIR_Apps
CES2_XDR_Threat_Investigation,Func_exclude_role_mapping
onelink_get_app_launch_table_from_app_information,onelink_fix_additional_info
onelink_get_app_launch_table_from_app_information,onelink_get_query_parameter_value_from_url
onelink_get_app_launch_table_from_app_information,onelink_map_prod_url_to_destination
onelink_get_app_launch_table_from_app_information,onelink_fix_additional_info_for_app_information
onelink_get_app_launch_table_from_app_information,Product_Name
Tree_View_Workbench,XDR_created_WB
Tree_View_Workbench,XDR_get_decisive_response
Tree_View_Workbench,XDR_visit_WB
Tree_View_Workbench,XDR_get_workbench_investigate
Tree_View_Workbench,XDR_touched_WB_base
onelink_get_red_alert_table,onelink_get_web_click_table
onelink_get_red_alert_table,onelink_get_app_launch_table
onelink_get_red_alert_table,onelink_get_query_parameter_value_from_url
onelink_get_red_alert_table,onelink_get_platform
onelink_get_red_alert_table,Product_Name
Reports_Inuse_CLP,CLP_WITH_V1_ACTIVE_LICENSE_DAILY
Reports_Inuse_CLP,Reports_download
Reports_Inuse_CLP,Reports_scheduled_successful
Reports_Inuse_CLP,Reports_Schedule_Running
Tree_View_Executive_Dashboard_bak_0223,xdr_matomo_events
Tree_View_Executive_Dashboard_bak_0223,Func_V1_Accumulated_Cus
Tree_View_Executive_Dashboard_bak_0223,DVASS_Get_UI_Interaction
Tree_View_Executive_Dashboard_bak_0223,Func_pendo_track_type_mapping
NEW_ZTSA_customers_30d_temp,CLP_WHO_VISIT_V1
NEW_ZTSA_customers_30d_temp,CLP_WHO_VISIT_ZTSA
NEW_ZTSA_customers_30d_temp,CLP_WHO_DEPLOY_ZTSA
NEW_ZTSA_customers_30d_temp,CLP_WHO_USE_ZTSA
Tree_View_OAT,XDR_get_decisive_response
Tree_View_OAT,XDR_visit_OAT
Tree_View_OAT,XDR_get_OAT_investigate
Tree_View_OAT,XDR_touched_OAT
JapanXTrialUser,R2209User
JapanXTrialUser,R2208User
JapanXTrialUser,R2211User
JapanXTrialUser,R2301User
ZTSA_ZTNA_DebugV2,slog_ubtaudit
ZTSA_ZTNA_DebugV2,CLP_WITH_V1_ACTIVE_LICENSE_DAILY
ZTSA_ZTNA_DebugV2,CLP_WHO_USE_ZTSA
ZTSA_ZTNA_DebugV2,ZTSA_ZTNA_Debug_V1
V1_Mobile_Console_Data,slog_ubtaudit
V1_Mobile_Console_Data,Cohort_Events_Analysis_UCLPS
V1_Mobile_Console_Data,Mobile_App_Report_Data
V1_Mobile_Console_Data,GET_PENDO_SURVEY
NEW_ZTSA_Customer_Detail,CLP_WHO_VISIT_V1
NEW_ZTSA_Customer_Detail,CLP_WHO_VISIT_ZTSA
NEW_ZTSA_Customer_Detail,CLP_WHO_DEPLOY_ZTSA
NEW_ZTSA_Customer_Detail,CLP_WHO_USE_ZTSA
XDR_visit_DIR_Apps,slog_ubtaudit
XDR_visit_DIR_Apps,XDR_visit_WB
XDR_visit_DIR_Apps,XDR_visit_OAT
XDR_visit_DIR_Apps,XDR_visit_Search
TRI_get_enabled_data_source_detail_BF738,GET_ZTRI_SENSOR_STATUS_RAW
TRI_get_enabled_data_source_detail_BF738,GET_TRILOGY_SENSOR_LOGS
TRI_get_enabled_data_source_detail_BF738,GET_INTERNET_FACING_SENSOR_LOGS
TRI_get_enabled_data_source_detail_BF738,Func_Hubble_MAP_Data_Source_Type_BF738
Func_CLP_Account_UBT_App_Usage_Pre_20200901,slog_ubtaudit
Func_CLP_Account_UBT_App_Usage_Pre_20200901,Func_CLP_Account_UBT_Channel
Func_CLP_Account_UBT_App_Usage_Pre_20200901,SANDBOX_ANALYSIS_ACTIVE_CLP_FUNC
Func_CLP_Account_UBT_App_Usage_Pre_20200901,CLP_WHO_INUSE_ZTRI
Tree_View_Search,XDR_get_decisive_response
Tree_View_Search,XDR_get_search_investigate
Tree_View_Search,XDR_visit_Search
Tree_View_Search,XDR_adv_features_Search
TRI_get_enabled_data_source_detail_BF738_v2,GET_ZTRI_SENSOR_STATUS_RAW
TRI_get_enabled_data_source_detail_BF738_v2,GET_TRILOGY_SENSOR_LOGS
TRI_get_enabled_data_source_detail_BF738_v2,GET_INTERNET_FACING_SENSOR_LOGS
TRI_get_enabled_data_source_detail_BF738_v2,Func_Hubble_MAP_Data_Source_Type_BF738_v2
REPORT_V1_RI,CLP_WHO_VISIT_ZTRI_DAILY
REPORT_V1_RI,CLP_WHO_INUSE_ZTRI_DAILY
REPORT_V1_RI,CLP_WHO_VISIT_ZTRI
REPORT_V1_RI,CLP_WHO_INUSE_ZTRI
CE_get_TPI_enabled,CE_get_TPI_enabled_visibility
CE_get_TPI_enabled,CE_get_TPI_enabled_IT_management
CE_get_TPI_enabled,CE_get_TPI_enabled_investigation
CE_get_TPI_enabled,CE_get_TPI_enabled_network_blocking
TRI_get_enabled_data_source_detail,GET_ZTRI_SENSOR_STATUS_RAW
TRI_get_enabled_data_source_detail,GET_TRILOGY_SENSOR_LOGS
TRI_get_enabled_data_source_detail,GET_INTERNET_FACING_SENSOR_LOGS
TRI_get_enabled_data_source_detail,Func_Hubble_MAP_Data_Source_Type
NI_flywheel_eligible_Cus,DDI_Valid_Cus
NI_flywheel_eligible_Cus,slog_trace
NI_flywheel_eligible_Cus,slog_ubtaudit
NI_flywheel_eligible_Cus,NI_customer_base
XDR_get_OAT_investigate,xdr_matomo_events
XDR_get_OAT_investigate,slog_ubtaudit
XDR_get_OAT_investigate,XDR_get_investigate_response
XDR_get_OAT_investigate,XDR_get_exclude_roleId_list_for_pendo_matomo
NI_NS_deployed_Cus_base,slog_ubtaudit
NI_NS_deployed_Cus_base,slog_system
NI_NS_deployed_Cus_base,NI_customer_base
NI_NS_deployed_Cus_base,NI_onboard_customers
XDR_get_workbench_investigate,xdr_matomo_events
XDR_get_workbench_investigate,slog_ubtaudit
XDR_get_workbench_investigate,XDR_get_investigate_response
XDR_get_workbench_investigate,XDR_get_exclude_roleId_list_for_pendo_matomo
onelink_get_install_table_with_app_information,onelink_get_web_click_table
onelink_get_install_table_with_app_information,onelink_get_app_launch_table
onelink_get_install_table_with_app_information,onelink_get_app_launch_table_from_app_information
onelink_get_install_table_with_app_information,Product_Name
Func_C1_Account_Usage,vw_C1_Deployed_Instance
Func_C1_Account_Usage,vw_C1_Deployed_Instance_by_Dimension
Func_C1_Account_Usage,vw_C1_Deployed_Instance_by_FreeTier
Func_C1_Account_Usage,vw_C1_Account_Usage_by_Level
NI_flywheel_30_eligible_Cus,NI_DDI_V1_support_Cus
NI_flywheel_30_eligible_Cus,FW_Promotion_Log
NI_flywheel_30_eligible_Cus,DDI_total_licensed_cus
CLP_WHO_DEPLOY_ZTSA,slog_ubtaudit
CLP_WHO_DEPLOY_ZTSA,CLP_WITH_V1_ACTIVE_LICENSE_DAILY
CLP_WHO_DEPLOY_ZTSA,Get_ZTSA_Rules
TRI_get_enabled_data_source_detail_bak,GET_ZTRI_SENSOR_STATUS_RAW
TRI_get_enabled_data_source_detail_bak,GET_TRILOGY_SENSOR_LOGS
TRI_get_enabled_data_source_detail_bak,GET_INTERNET_FACING_SENSOR_LOGS
XDR_get_possible_soc,slog_ubtaudit
XDR_get_possible_soc,XDR_visit_DIR_Apps
XDR_get_possible_soc,XDR_investigate_DIR_Apps
RI_general_feature_list,slog_ubtaudit
RI_general_feature_list,RI_mitigate_or_prevent_risk_feature_list
RI_general_feature_list,RI_access_risk_feature_list
CE_get_OAT_investigate,xdr_matomo_events
CE_get_OAT_investigate,slog_ubtaudit
CE_get_OAT_investigate,XDR_get_investigate_response
RA_Assessment_Touched_WB_Customer,XDR_created_WB
RA_Assessment_Touched_WB_Customer,RA_Assessment_Customer
RA_Assessment_Touched_WB_Customer,XDR_touched_WB
TRI_get_enabled_data_source_detail_Monica,GET_ZTRI_SENSOR_STATUS_RAW
TRI_get_enabled_data_source_detail_Monica,GET_TRILOGY_SENSOR_LOGS
TRI_get_enabled_data_source_detail_Monica,GET_INTERNET_FACING_SENSOR_LOGS
NI_flywheel_onboarded_Cus,slog_trace
NI_flywheel_onboarded_Cus,slog_ubtaudit
NI_flywheel_onboarded_Cus,NI_flywheel_eligible_Cus
GET_ZTRI_SENSOR_CUSTOMER_COUNT,GET_ZERI_SENSOR_LOGCOUNT_DAILY
GET_ZTRI_SENSOR_CUSTOMER_COUNT,CLP_WHO_VISIT_V1
GET_ZTRI_SENSOR_CUSTOMER_COUNT,CLP_WHO_INUSE_ZTRI
Tree_View_ZTSA_0301,slog_ubtaudit
Tree_View_ZTSA_0301,Get_ZTSA_Rules
Tree_View_ZTSA_0301,Func_V1_Accumulated_Cus
CLP_WHO_DEPLOY_ZTSA_test,slog_ubtaudit
CLP_WHO_DEPLOY_ZTSA_test,CLP_WITH_V1_ACTIVE_LICENSE_DAILY
CLP_WHO_DEPLOY_ZTSA_test,Get_ZTSA_Rules
Customer_Profiles_ETL_bak,XDR_get_paid_customers
Customer_Profiles_ETL_bak,XDR_get_trial_customers
Customer_Profiles_ETL_bak,mxdr_customer
Tree_View_Service_Gateway,slog_ubtaudit
Tree_View_Service_Gateway,GET_ZTRI_SENSOR_STATUS_RAW
Tree_View_Service_Gateway,Func_V1_Accumulated_Cus
SG_Appliance_Service_Status_2,slog_ubtaudit
SG_Appliance_Service_Status_2,SG_Cus_Registered
SG_Appliance_Service_Status_2,SG_Appliance_Registered
SG2_Appliance_Service_Status,slog_ubtaudit
SG2_Appliance_Service_Status,SG2_Appliance_Registered
SG2_Appliance_Service_Status,SG2_Cus_Registered
Reports_Onetime,CLP_WITH_V1_ACTIVE_LICENSE_DAILY
Reports_Onetime,Reports_Inuse
Reports_Onetime,Reports_Visit
Tree_View_Executive_Dashboard,TRI_get_enter_page_metrics_unpivot
Tree_View_Executive_Dashboard,DVASS_Get_UI_Interaction
Tree_View_Executive_Dashboard,Func_pendo_track_type_mapping
get_customer_decision_type,mxdr_customer
get_customer_decision_type,get_customer_ubt_type
get_customer_decision_type,slog_ubtaudit
Reports_shcedule,CLP_WITH_V1_ACTIVE_LICENSE_DAILY
Reports_shcedule,Reports_Inuse
Reports_shcedule,Reports_Visit
XDR_touched_OAT,xdr_matomo_events
XDR_touched_OAT,slog_ubtaudit
XDR_touched_OAT,XDR_get_exclude_roleId_list_for_pendo_matomo
Customer_Profiles_ETL,XDR_get_paid_customers
Customer_Profiles_ETL,XDR_get_trial_customers
Customer_Profiles_ETL,mxdr_customer
CES2_Workflow_and_Automation,XDR_get_decisive_response
CES2_Workflow_and_Automation,Func_Security_Playbook_Use_CES
CES2_Workflow_and_Automation,Func_exclude_role_mapping
CE_get_OAT_engagement_bak,CE_get_OAT_copy_to_clipboard
CE_get_OAT_engagement_bak,CE_get_OAT_investigate
CE_get_OAT_engagement_bak,CE_get_OAT_List
SaaS_Potential,Partner_Revenue
SaaS_Potential,Product_Name
SaaS_Potential,Product_Strategy
REPORT_V1_COMMON,CLP_WHO_VISIT_V1
REPORT_V1_COMMON,CLP_WHO_VISIT_V1_DAILY
REPORT_V1_COMMON,CLP_WITH_V1_ACTIVE_LICENSE_DAILY
R2211ToolbarStatus,R2211User
R2211ToolbarStatus,R2211NoIntentionInstallToolbarSurvey
R2211ToolbarStatus,R2211InstallToolbarSurveyAbort
Revenue_YTD_Trending,GetCurrentMonth
Revenue_YTD_Trending,GetMonths
Revenue_YTD_Trending,Invoice_Detail
onelink_get_news_page_table,onelink_is_user_agent_valid
onelink_get_news_page_table,onelink_get_product_table
onelink_get_news_page_table,Product_Name
Func_ps_test,slog_trace
Func_ps_test,slog_ubtaudit
Func_ps_test,SANDBOX_ANALYSIS_ACTIVE_CLP_FUNC
func_ps_test_opt,slog_trace
func_ps_test_opt,slog_ubtaudit
func_ps_test_opt,SANDBOX_ANALYSIS_ACTIVE_CLP_FUNC
onelink_get_web_click_table,onelink_fix_additional_info
onelink_get_web_click_table,onelink_map_prod_url_to_destination
onelink_get_web_click_table,Product_Name
onelink_get_install_table,onelink_get_web_click_table
onelink_get_install_table,onelink_get_app_launch_table
onelink_get_install_table,Product_Name
Func_ps_test_base,slog_trace
Func_ps_test_base,slog_ubtaudit
Func_ps_test_base,SANDBOX_ANALYSIS_ACTIVE_CLP_FUNC
Func_ps_test_backup,slog_trace
Func_ps_test_backup,slog_ubtaudit
Func_ps_test_backup,SANDBOX_ANALYSIS_ACTIVE_CLP_FUNC
R2209ToolbarStatus,R2209User
R2209ToolbarStatus,R2209NoIntentionInstallToolbarSurvey
R2209ToolbarStatus,R2209InstallToolbarSurveyAbort
Func_C1_Account_Usage_Raw,vw_C1_Entitlement_Daily_Extend
Func_C1_Account_Usage_Raw,vw_C1_Usage_Extend
Func_C1_Account_Usage_Raw,Func_C1_Account_Mapping_2021
Upgrade_Opportunities,Partner_Revenue
Upgrade_Opportunities,Product_Name
Upgrade_Opportunities,Product_Strategy
_C1WS_Agent_Setting_for_Early_Warning,DS_File_List
_C1WS_Agent_Setting_for_Early_Warning,Product_Name
CLP_WHO_PROVISION_EAI,slog_ubtaudit
CLP_WHO_PROVISION_EAI,CLP_WITH_V1_ACTIVE_LICENSE_DAILY
ddi_Fn_template_003_active_cus_ddi_latest_feedback,ddi_Fn_guid_with_latest_feedback_in_1d
ddi_Fn_template_003_active_cus_ddi_latest_feedback,ddi_Fn_valid_cus
CLP_WHO_ACTIVE_EAI,slog_ubtaudit
CLP_WHO_ACTIVE_EAI,CLP_WITH_V1_ACTIVE_LICENSE_DAILY
CLP_WHO_CREDIT_EAI,slog_ubtaudit
CLP_WHO_CREDIT_EAI,CLP_WITH_V1_ACTIVE_LICENSE_DAILY
mxdr_get_approval_requests_list,mxdr_customer
mxdr_get_approval_requests_list,slog_ubtaudit
CLP_EAI_EMAIL_SENSOR,slog_ubtaudit
CLP_EAI_EMAIL_SENSOR,CLP_WITH_V1_ACTIVE_LICENSE_DAILY
DDI_Settings_related_to_SOC_Users,ddi_Fn_valid_cus
DDI_Settings_related_to_SOC_Users,ddi_Fn_guid_with_latest_feedback_in_90d
TRI_get_security_playbook_metrics,xdr_matomo_events
TRI_get_security_playbook_metrics,slog_ubtaudit
BIF_email_sensor_daily_snapshot,slog_ubtaudit
BIF_email_sensor_daily_snapshot,CLP_EAI_EMAIL_SENSOR
CLP_WHO_INUSE_ZTSA,CLP_WITH_V1_ACTIVE_LICENSE_DAILY
CLP_WHO_INUSE_ZTSA,Get_ZTSA_Rules
onelink_get_one_link_sources,onelink_fix_additional_info
onelink_get_one_link_sources,Product_Name
NEW_ZTSA_deploy_agent_with_traffic,CLP_WITH_V1_ACTIVE_LICENSE_DAILY
NEW_ZTSA_deploy_agent_with_traffic,GET_OS_Category
SG2_Appliance_Setting,slog_ubtaudit
SG2_Appliance_Setting,SG2_Appliance_Registered
onelink_get_experience_portal_table,onelink_get_query_parameter_value_from_url
onelink_get_experience_portal_table,onelink_get_platform
_C1WS_Server_Setting_for_Early_Warning,DS_File_List
_C1WS_Server_Setting_for_Early_Warning,Product_Name
NEW_ZTSA_customer_daily_weekly_monthly_test,CLP_WHO_VISIT_V1
NEW_ZTSA_customer_daily_weekly_monthly_test,CLP_WHO_VISIT_ZTSA
REPORT_V1_ZTSA,CLP_WHO_VISIT_ZTSA
REPORT_V1_ZTSA,CLP_WITH_V1_ACTIVE_LICENSE_DAILY
_DS_Server_Setting_for_Early_Warning,DS_File_List
_DS_Server_Setting_for_Early_Warning,Product_Name
_DS_Agent_Setting_for_Early_Warning,DS_File_List
_DS_Agent_Setting_for_Early_Warning,Product_Name
ZTSA_CLP_Score_Raw,Get_ZTSA_Rules
ZTSA_CLP_Score_Raw,CLP_WHO_USE_ZTSA
BIF_Service_Gateway_Service_Customer_Enable,SG_Appliance_Service_Status
BIF_Service_Gateway_Service_Customer_Enable,SG_Appliance_Service_Status_2
Func_Security_Playbook_Use_Temp,xdr_matomo_events
Func_Security_Playbook_Use_Temp,slog_ubtaudit
TPI_Cus_log_admins,TPI_Cus_base
TPI_Cus_log_admins,slog_ubtaudit
GET_ZTRI_SENSOR_STATUS,CLP_WHO_INUSE_ZTRI
GET_ZTRI_SENSOR_STATUS,GET_ZTRI_SENSOR_STATUS_RAW
ZTSA_CLP_Score_Raw_v2,Get_ZTSA_Rules
ZTSA_CLP_Score_Raw_v2,CLP_WHO_USE_ZTSA
ZTSA_Customer_CLP,slog_ubtaudit
ZTSA_Customer_CLP,CLP_WITH_V1_ACTIVE_LICENSE_DAILY
BIF_Service_Gateway_Service_Enable,slog_ubtaudit
BIF_Service_Gateway_Service_Enable,BIF_Service_Gateway_Appliance
ZTSA_Permssion_Access_Deployment_30d_Old,slog_ubtaudit
ZTSA_Permssion_Access_Deployment_30d_Old,SASE_EXTERNAL_CLP_FUNC_V2
Revenue_Suite_Item_List,GetCurrentMonth
Revenue_Suite_Item_List,Invoice_Detail
Func_Security_Playbook_Use_Jerry,xdr_matomo_events
Func_Security_Playbook_Use_Jerry,slog_ubtaudit
Trilogy_Enabled_Data_Source,GET_ZTRI_SENSOR_STATUS_RAW
Trilogy_Enabled_Data_Source,GET_TRILOGY_SENSOR_LOGS
V1_Flywheel_Product_Campaign_Promotion_Onboard,slog_trace
V1_Flywheel_Product_Campaign_Promotion_Onboard,slog_ubtaudit
Func_Security_Playbook_Use,xdr_matomo_events
Func_Security_Playbook_Use,slog_ubtaudit
ZTSA_customer_Rule_Configuration,CLP_WITH_V1_ACTIVE_LICENSE_DAILY
ZTSA_customer_Rule_Configuration,Get_ZTSA_Rules
CES2_Threat_Intelligence,slog_ubtaudit
CES2_Threat_Intelligence,Func_exclude_role_mapping
RI_general_feature,RI_mitigate_or_prevent_risk_feature
RI_general_feature,RI_access_risk_feature
Func_CLP_Account_UBT,slog_ubtaudit
Func_CLP_Account_UBT,Func_NPS_In_Past_90days
XDR_adv_features_DIR_Apps,XDR_adv_features_Search
XDR_adv_features_DIR_Apps,XDR_adv_features_OAT
XDR_investigate_DIR_Apps,XDR_get_OAT_investigate
XDR_investigate_DIR_Apps,XDR_get_workbench_investigate
V1_Feature_Adoption_Change,slog_ubtaudit
V1_Feature_Adoption_Change,GET_FEATURE_ADOPTION_RATE
TPI_customer_behavior,xdr_pendo_raw_event
TPI_customer_behavior,slog_ubtaudit
Pendo_Get_Journey_With_Slog,xdr_pendo_raw_event
Pendo_Get_Journey_With_Slog,slog_ubtaudit
CE_get_security_configure_metrics,CE_get_dmm_enable_disable
CE_get_security_configure_metrics,CE_get_ti_configure_so
Func_Hubble_MAP_Data_Source_By_Risk_Factor,GET_TRILOGY_PRODUCT_CODE_MAPPING
Func_Hubble_MAP_Data_Source_By_Risk_Factor,Func_Hubble_MAP_Data_Source_Type
CLP_WHO_INUSE_ZTRI,GET_ZERI_SENSOR_LOGCOUNT_DAILY
CLP_WHO_INUSE_ZTRI,CLP_WHO_VISIT_ZTRI
tmp_get_both_customer,mxdr_customer
tmp_get_both_customer,slog_ubtaudit
R2209AutpOpenPayGuard,R2209User
R2209AutpOpenPayGuard,R2209FirstPayGuardUsage
Func_CLP_Account_CES_Manual,SASE_ACTIVE_CLP_FUNC
Func_CLP_Account_CES_Manual,slog_ubtaudit
TPI_enabled_cus_3rd_sharing_etl,slog_ubtaudit
TPI_enabled_cus_3rd_sharing_etl,TPI_sLog_service_gateway_v2
NI_onboard_customers,slog_system
NI_onboard_customers,NI_customer_base
Assessment_common_attribute,CLP_WITH_V1_ACTIVE_LICENSE_DAILY
Assessment_common_attribute,Assessment_cloudMail_overview
Assessment_cloudMail,slog_ubtaudit
Assessment_cloudMail,CLP_WITH_V1_ACTIVE_LICENSE_DAILY
Vision_One_Account_User_Role_list,slog_ubtaudit_pii
Vision_One_Account_User_Role_list,slog_ubtaudit
CE_get_OAT_investigate_bak,xdr_matomo_events
CE_get_OAT_investigate_bak,XDR_get_investigate_response
Func_CLP_Account_UBT_Channel,slog_ubtaudit
Func_CLP_Account_UBT_Channel,Poseidon_Voucher_Lines
CE_get_wb_touch_rate,XDR_touched_WB
CE_get_wb_touch_rate,XDR_touched_WB_include_export
CE_get_wb_investigate_rate,xdr_matomo_events
CE_get_wb_investigate_rate,slog_ubtaudit
CE_get_wb_investigate_rate_bak,xdr_matomo_events
CE_get_wb_investigate_rate_bak,slog_ubtaudit
CE_get_OAT_engagement,CE_get_OAT_copy_to_clipboard
CE_get_OAT_engagement,CE_get_OAT_List_v2
tmp_get_ui_only_customer,mxdr_customer
tmp_get_ui_only_customer,slog_ubtaudit
TRI_get_engagement_score,TRI_get_enabled_data_source_count
TRI_get_engagement_score,TRI_get_engagement_score_preprocess
TRI_get_engagement_score_preprocess,xdr_matomo_events
TRI_get_engagement_score_preprocess,TRI_get_enter_page_raw_data
CE_get_wb_severity_touch,XDR_created_WB
CE_get_wb_severity_touch,slog_ubtaudit
TRI_get_enabled_data_source_count,TRI_get_enabled_data_source_detail
TRI_get_enabled_data_source_count,Func_Hubble_MAP_Data_Source_Type
CE_get_wb_touch_rate_bak,XDR_touched_WB
CE_get_wb_touch_rate_bak,XDR_touched_WB_include_export
TRI_get_engagement_score_preprocess_bak,xdr_matomo_events
TRI_get_engagement_score_preprocess_bak,TRI_get_enter_page_raw_data
TRI_get_engagement_score_bak,TRI_get_enabled_data_source_count
TRI_get_engagement_score_bak,TRI_get_engagement_score_preprocess
NI_flywheel_30_credit_Cus,slog_ubtaudit
NI_flywheel_30_credit_Cus,NI_customer_base
TPI_enabled_cus_3rd_sharing_etl_v2,slog_ubtaudit
TPI_enabled_cus_3rd_sharing_etl_v2,TPI_sLog_service_gateway_v2
R2211VPN,R2211User
R2211VPN,R2301VPN
ZTSA_Credit_CLP_Info,slog_ubtaudit
ZTSA_Credit_CLP_Info,CLP_WITH_V1_ACTIVE_LICENSE_DAILY
NI_onboard_customers_daily,slog_system
NI_onboard_customers_daily,NI_customer_base_daily
Vision_One_Account_App_Usage_Detail,slog_ubtaudit_pii
Vision_One_Account_App_Usage_Detail,slog_ubtaudit
App_visit,xdr_pendo_raw_event
App_visit,CLP_WITH_V1_ACTIVE_LICENSE_DAILY
tmp_get_siem_only_customer,mxdr_customer
tmp_get_siem_only_customer,slog_ubtaudit
CES2_V1_Login,slog_ubtaudit
CES2_V1_Login,Func_exclude_role_mapping
tmp_get_customer,mxdr_customer
tmp_get_customer,slog_ubtaudit
get_customer_ubt_type,mxdr_customer
get_customer_ubt_type,slog_ubtaudit
R2209EmailDefender,R2209User
R2209EmailDefender,R2211User
CLP_WHO_VISIT_V1_DAILY,slog_ubtaudit
CLP_WHO_VISIT_V1_DAILY,CLP_WITH_V1_ACTIVE_LICENSE_DAILY
NI_NS_paired_SG,slog_ubtaudit
NI_NS_paired_SG,NI_customer_base
ddi_Fn_template_002_valid_cus_ddi_latest_feedback_in_90d,ddi_Fn_valid_cus
ddi_Fn_template_002_valid_cus_ddi_latest_feedback_in_90d,ddi_Fn_guid_with_latest_feedback_in_90d
CLP_WHO_VISIT_V1,slog_ubtaudit
CLP_WHO_VISIT_V1,CLP_WITH_V1_ACTIVE_LICENSE_DAILY
Assessment_cloudMail_overview,slog_ubtaudit
Assessment_cloudMail_overview,CLP_WITH_V1_ACTIVE_LICENSE_DAILY
R2209R2211MainConsoleDetailAnalysis,R2209User
R2209R2211MainConsoleDetailAnalysis,R2211User
GET_ZERI_CUSTOMER_COUNT_BY_RISKFACTOR_AND_SENSORS,GET_ZERI_SENSOR_LOGCOUNT_DAILY
GET_ZERI_CUSTOMER_COUNT_BY_RISKFACTOR_AND_SENSORS,CLP_WHO_INUSE_ZTRI
BIF_credit_allocation_daily_snapshot,slog_ubtaudit
BIF_credit_allocation_daily_snapshot,BIF_ZTSA_Credit_Allocation_His
Func_C1_Account_License,vw_C1_Subscription
Func_C1_Account_License,vw_C1_Entitlement_Daily_Extend
CLP_WHO_INUSE_ZTRI_DAILY,CLP_WHO_VISIT_ZTRI_DAILY
CLP_WHO_INUSE_ZTRI_DAILY,GET_ZERI_SENSOR_LOGCOUNT_DAILY
CE_get_investigate_metrics,XDR_get_OAT_investigate
CE_get_investigate_metrics,XDR_get_workbench_investigate
V1_Current_Onboard_Customer_3rd_Party_Integration_Employee,slog_ubtaudit
V1_Current_Onboard_Customer_3rd_Party_Integration_Employee,V1_Current_Onboard_Customer_Console_Usage_Employee
XDR_get_search_investigate,slog_ubtaudit
XDR_get_search_investigate,XDR_get_investigate_response
SG_Appliance_Service_Status,slog_ubtaudit
SG_Appliance_Service_Status,SG_Appliance_Registered
V1_Current_Onboard_Customer_3rd_Party_Integration,slog_ubtaudit
V1_Current_Onboard_Customer_3rd_Party_Integration,V1_Current_Onboard_Customer_Console_Usage
Trial_Credit_Customer_Detail,CE_get_wb_severity_touch
Trial_Credit_Customer_Detail,Credit_Customer_Source
Revenue_Suite_List,GetCurrentMonth
Revenue_Suite_List,Invoice_Detail
RI_visit_RI_apps,slog_ubtaudit
RI_visit_RI_apps,Func_exclude_role_mapping
Tree_View_ZTSA,Func_V1_Accumulated_Cus
Tree_View_ZTSA,ZTSA_Customer_CLP_date_time
GetDataSoucreMaxDate,C1_Account_License_Daily
GetDataSoucreMaxDate,V1_Engagement_Score_v2
RA_Assessment_Completed_Customer,slog_ubtaudit
RA_Assessment_Completed_Customer,CLP_WITH_V1_ACTIVE_LICENSE_DAILY
CE_get_OAT_engagement_2,CE_get_OAT_copy_to_clipboard
CE_get_OAT_engagement_2,CE_get_OAT_List
Vision_One_Account_App_Usage_Trending_Report_Management_UI,Vision_One_Account_App_Usage_Get_CLP_By_MAK
Vision_One_Account_App_Usage_Trending_Report_Management_UI,Reports_Inuse
Vision_One_Account_App_Usage_Trending_Executive_Dashboard_UI,Vision_One_Account_App_Usage_Get_CLP_By_MAK
Vision_One_Account_App_Usage_Trending_Executive_Dashboard_UI,TRI_get_enter_page_raw_data
NEW_ZTSA_customers_daily_weekly_monthly,CLP_WHO_VISIT_V1
NEW_ZTSA_customers_daily_weekly_monthly,CLP_WHO_VISIT_ZTSA
Tree_View_Attack_Surface_Discovery_bak0223,Func_V1_Accumulated_Cus
Tree_View_Attack_Surface_Discovery_bak0223,Func_pendo_track_type_mapping
GET_ZTRI_CUSTOMER_COUNT_BY_RISKFACTOR_AND_SENSORS,GET_ZERI_SENSOR_LOGCOUNT_DAILY
GET_ZTRI_CUSTOMER_COUNT_BY_RISKFACTOR_AND_SENSORS,CLP_WHO_INUSE_ZTRI
ZTSA_Survey_App_Template,slog_ubtaudit
ZTSA_Survey_App_Template,CLP_WITH_V1_ACTIVE_LICENSE_DAILY
Vision_One_Account_App_Usage_Trending_Attack_Surface_Discovery_UI,Vision_One_Account_App_Usage_Get_CLP_By_MAK
Vision_One_Account_App_Usage_Trending_Attack_Surface_Discovery_UI,TRI_get_enter_page_raw_data
NEW_ZTSA_customer_daily_weekly_monthly,CLP_WHO_VISIT_V1
NEW_ZTSA_customer_daily_weekly_monthly,CLP_WHO_VISIT_ZTSA
ZTSA_ZTNA_Basic_Get_Provision,slog_ubtaudit
ZTSA_ZTNA_Basic_Get_Provision,CLP_WITH_V1_ACTIVE_LICENSE_DAILY
NEW_ZTSA_customer_MOM,CLP_WHO_VISIT_V1
NEW_ZTSA_customer_MOM,CLP_WHO_VISIT_ZTSA
CE_get_response_features,XDR_get_decisive_response
CE_get_response_features,XDR_get_investigate_response
Vision_One_Account_App_Usage_Trending_Forensics_And_Analysis_UI,Vision_One_Account_App_Usage_Get_CLP_By_MAK
Vision_One_Account_App_Usage_Trending_Forensics_And_Analysis_UI,Func_Forensics_And_Analysis_Use
GET_ASSET_CRITICALITY_STAR_CUSTOMER_VISIT_ASSETS,xdr_matomo_events_v2
GET_ASSET_CRITICALITY_STAR_CUSTOMER_VISIT_ASSETS,xdr_matomo_events_get_event_actions
Tree_View_SO_Management,slog_trace
Tree_View_SO_Management,slog_ubtaudit
Tree_View_Attack_Surface_Discovery,TRI_get_enter_page_metrics_unpivot
Tree_View_Attack_Surface_Discovery,Func_pendo_track_type_mapping
swg_ubt_analysisv2,slog_ubtaudit
swg_ubt_analysisv2,CLP_WITH_V1_ACTIVE_LICENSE_DAILY
RA_Assessment_ZTRI_Configured_Customer,slog_ubtaudit
RA_Assessment_ZTRI_Configured_Customer,RA_Assessment_Customer
vw_C1_Deployed_Instance_new,vw_C1_Usage_Extend
vw_C1_Deployed_Instance_new,vw_C1_NSVA
Func_NPS_Historical_Data_PII,v_xdr_pendo_guide_events
Func_NPS_Historical_Data_PII,slog_ubtaudit
NEW_ZTSA_Agent_Deployment,CLP_WITH_V1_ACTIVE_LICENSE_DAILY
NEW_ZTSA_Agent_Deployment,GET_OS_Category
NEW_ZTSA_rule_enforcement_template,Get_ZTSA_Rules
NEW_ZTSA_rule_enforcement_template,CLP_WHO_DEPLOY_ZTSA
NEW_ZTSA_privat_internet_assess_Riskrule,CLP_WITH_V1_ACTIVE_LICENSE_DAILY
NEW_ZTSA_privat_internet_assess_Riskrule,Get_ZTSA_Rules
Reports_Overview_Before_30d,CLP_WITH_V1_ACTIVE_LICENSE_DAILY
Reports_Overview_Before_30d,Reports_Visit
Func_Product_Connect_Status_Hubble,slog_ubtaudit
Func_Product_Connect_Status_Hubble,Func_Product_Connect_PRD_Mapping
Vision_One_Account_App_Usage_Trending_slog,Vision_One_Account_App_Usage_Get_CLP_By_MAK
Vision_One_Account_App_Usage_Trending_slog,slog_ubtaudit
V1_Growth_Hypothesis_Customer,slog_ubtaudit
V1_Growth_Hypothesis_Customer,DDI_Settings_related_to_SOC_Users
RA_Assessment_Customer,slog_ubtaudit
RA_Assessment_Customer,RA_CLP_V1_License
BIF_email_sensor_daily_snapshot_new,slog_ubtaudit
BIF_email_sensor_daily_snapshot_new,CLP_EAI_EMAIL_SENSOR
_DDI_Setting_for_Early_Warning,DDI_Valid_Cus
_DDI_Setting_for_Early_Warning,Product_Name
_DS_Server_Setting_for_Early_Warning_BIF,DS_File_List
_DS_Server_Setting_for_Early_Warning_BIF,Product_Name
Reports_generated_successful,slog_ubtaudit
Reports_generated_successful,CLP_WITH_V1_ACTIVE_LICENSE_DAILY
Vision_One_Account_Summary_Risk_Insight_Data_Source_Mapping,Func_Hubble_MAP_Data_Source_Type
Vision_One_Account_Summary_Risk_Insight_Data_Source_Mapping,Func_Hubble_MAP_Data_Source_By_Risk_Factor
XDR_touched_DIR_Apps,XDR_touched_OAT
XDR_touched_DIR_Apps,XDR_touched_WB_base
RA_Assessment_ZTRI_Action_Taken_Customer,slog_ubtaudit
RA_Assessment_ZTRI_Action_Taken_Customer,RA_Assessment_Customer
Vision_One_Account_App_Usage_Trending_Network_Intrusion_Prevention_UI,Vision_One_Account_App_Usage_Get_CLP_By_MAK
Vision_One_Account_App_Usage_Trending_Network_Intrusion_Prevention_UI,Func_NIPS_Use
vw_C1_Deployed_Instance_by_FreeTier,vw_C1_Usage_Extend
vw_C1_Deployed_Instance_by_FreeTier,vw_C1_NSVA
Reports_Schedule_Frequncy,slog_ubtaudit
Reports_Schedule_Frequncy,CLP_WITH_V1_ACTIVE_LICENSE_DAILY
Reports_InUse_30d,CLP_WITH_V1_ACTIVE_LICENSE_DAILY
Reports_InUse_30d,Reports_Inuse
Reports_Visit_CLP,CLP_WITH_V1_ACTIVE_LICENSE_DAILY
Reports_Visit_CLP,Reports_Visit
Revenue_Trending,GetCurrentMonth
Revenue_Trending,Invoice_Detail
CE_get_trilogy_features,TRI_get_enter_page_raw_data
CE_get_trilogy_features,TRI_get_ExecutiveDashboard_used_temp
NI_onboard_customers_daily_Louis_Temp,slog_system
NI_onboard_customers_daily_Louis_Temp,NI_customer_base_daily
NI_onboard_customers_Louis_Temp,slog_system
NI_onboard_customers_Louis_Temp,NI_customer_base
RA_Assessment_Trigger_WB_Customer,XDR_created_WB
RA_Assessment_Trigger_WB_Customer,RA_Assessment_Customer
Vision_One_Account_App_Usage_Trending_Forensics_And_Analysis,Vision_One_Account_App_Usage_Get_CLP_By_MAK
Vision_One_Account_App_Usage_Trending_Forensics_And_Analysis,Func_Forensics_And_Analysis_Use
Revenue_YTD,GetCurrentMonth
Revenue_YTD,Invoice_Detail
Reports_Generated_CLP_30d,CLP_WITH_V1_ACTIVE_LICENSE_DAILY
Reports_Generated_CLP_30d,Reports_generated_successful
get_incidentview_info,slog_trace
get_incidentview_info,alert_mapping_product_layer
ddi_Fn_template_001_valid_cus_ddi_latest_feedback,ddi_Fn_guid_with_latest_feedback
ddi_Fn_template_001_valid_cus_ddi_latest_feedback,ddi_Fn_valid_cus
Reports_Overview_Latest_30d,CLP_WITH_V1_ACTIVE_LICENSE_DAILY
Reports_Overview_Latest_30d,Reports_Visit
Func_AWS_Channel_Daily,vw_C1_Subscription
Func_AWS_Channel_Daily,Product_Name
_ApexOne_Agent_Setting_for_Early_Warning,ApexOne_Server_BIF_FeatureFlagHiddenKey
_ApexOne_Agent_Setting_for_Early_Warning,ApexOne_RT_Setting_Action
ZTSA_Customer_CLP_date_time,slog_ubtaudit
ZTSA_Customer_CLP_date_time,CLP_WITH_V1_ACTIVE_LICENSE_DAILY
Func_CLP_Account_CES_Backup_20220218,slog_ubtaudit
Func_CLP_Account_CES_Backup_20220218,CLP_WHO_INUSE_ZTRI
NEW_ZTSA_Rule_Configured,CLP_WITH_V1_ACTIVE_LICENSE_DAILY
NEW_ZTSA_Rule_Configured,Get_ZTSA_Rules
ZTSA_Customer_CLP_date_overviewv2,slog_ubtaudit
ZTSA_Customer_CLP_date_overviewv2,CES2_Zero_Trust_Secure_Accessv2
CE_get_tad_find_solutions,xdr_matomo_events
CE_get_tad_find_solutions,slog_ubtaudit
TRI_get_enabled_data_source_count_BF738,Func_Hubble_MAP_Data_Source_Type_BF738
TRI_get_enabled_data_source_count_BF738,TRI_get_enabled_data_source_detail_BF738
vw_C1_Deployed_Instance,vw_C1_Usage_Extend
vw_C1_Deployed_Instance,vw_C1_NSVA
Func_Hubble_MAP_Data_Source_By_Risk_Factor_BF738,GET_TRILOGY_PRODUCT_CODE_MAPPING
Func_Hubble_MAP_Data_Source_By_Risk_Factor_BF738,Func_Hubble_MAP_Data_Source_Type_BF738
ZTSA_ZTNA_Debug_V1,slog_ubtaudit
ZTSA_ZTNA_Debug_V1,CLP_WHO_USE_ZTSA
Func_CLP_Account_CES_Full_Backup_20220218,slog_ubtaudit
Func_CLP_Account_CES_Full_Backup_20220218,CLP_WHO_INUSE_ZTRI
ZTSA_ZTNA_Debug,slog_ubtaudit
ZTSA_ZTNA_Debug,CLP_WHO_USE_ZTSA
Reports_Overview,Reports_Overview_Latest_30d
Reports_Overview,Reports_Overview_Before_30d
vw_C1_Deployed_Instance_by_Dimension,vw_C1_Usage_Extend
vw_C1_Deployed_Instance_by_Dimension,vw_C1_NSVA
CLP_WHO_USE_ZTSA,slog_ubtaudit
CLP_WHO_USE_ZTSA,CLP_WHO_DEPLOY_ZTSA
DVASS_Get_Endpoint_Metrics,DVASS_Get_Vulnerability_detail
DVASS_Get_Endpoint_Metrics,DVASS_Get_Endpoint_Information
NI_ddi_connection_status,slog_system
NI_ddi_connection_status,NI_customer_base
Vision_One_Account_Summary_v2,V1_Engagement_Score_v2
Vision_One_Account_Summary_v2,Func_Hubble_CLP_Account_UBT_Addon
ZTSA_Survey_Browser_Auth_Solution,slog_ubtaudit
ZTSA_Survey_Browser_Auth_Solution,CLP_WITH_V1_ACTIVE_LICENSE_DAILY
NI_ddi_connection_status_daily,slog_system
NI_ddi_connection_status_daily,NI_customer_base_daily
Reports_InUse_Daily,CLP_WITH_V1_ACTIVE_LICENSE_DAILY
Reports_InUse_Daily,Reports_Inuse
NEW_ZTSA_deployed_Customer_seat_range,CLP_WHO_DEPLOY_ZTSA
Assessment_cloudMail_start_acc,slog_ubtaudit
enable_user_account_aad_cus_list,TRI_get_enabled_data_source_detail
enable_user_account_related_data_source_cus_list,TRI_get_enabled_data_source_detail
Assessment_cloudMail_start,slog_ubtaudit
AffirmTrust_Impacted_Customer,Product_Name
R2211SecurityReport,R2211User
NEW_ZTSA_Daily_Weekly_Monthly_Customer,CLP_WHO_DEPLOY_ZTSA
CE_get_wb_decisive_response_rate_bak,slog_ubtaudit
XDR_get_decisive_response_bak,slog_ubtaudit
CE_get_wb_visit_bak,slog_ubtaudit
SWG_customer_usage,slog_ubtaudit
GET_ATTACK_PROTECTION_LATER,GET_PCODE_PROTECTION_LAYER
GET_DISCOVERED_ATTACK_SURFACE,GET_DISCOVERED_ATTACK_SURFACE_RAW3
CE_get_wb_FP_close_rate_bak,slog_ubtaudit
CE_get_decisive_response_metrics,XDR_get_decisive_response
CE_get_wb_close_rate_bak,slog_ubtaudit
TRI_get_enabled_data_source_count_Monica,TRI_get_enabled_data_source_detail_Monica
CE_get_search_investigate_bak,XDR_get_investigate_response
CE_get_OAT_List_without_sth_bak,slog_ubtaudit
CE_get_OAT_List_bak,slog_ubtaudit
Expired_Customer,Partner_Revenue
V1_Growth_Hypothesis_Customer_old,slog_ubtaudit
NEW_ZTSA_Accumulated_Customer,CLP_WHO_DEPLOY_ZTSA
GET_ZTRI_SENSOR_LOGS_V2,GET_PRODUCTCODE_FROM_LOGSOURCE
FW_Promotion_BSP_Log,slog_ubtaudit
CE_get_search_watchlist_features,slog_ubtaudit
CE_get_add_exception_metrics,slog_ubtaudit
Reports_Overview_Funnel,CLP_WITH_V1_ACTIVE_LICENSE_DAILY
BIF_email_sensor_daily_snapshot_20220325_backup_before_new_logic,slog_ubtaudit
legalshield_man_sn_hotfix,etl_get_legalshield_latest_subscription_count
BIF_email_sensor_daily_snapshot_to_use_0617,slog_ubtaudit
CLP_WHO_VISIT_EAI,CLP_WITH_V1_ACTIVE_LICENSE_DAILY
etl_get_pwm_cloud_mode_user,etl_biz_keys_by_product
etl_get_legalshield_metrics,etl_get_legalshield_latest_subscription_count
Reports_Visit_tab,CLP_WITH_V1_ACTIVE_LICENSE_DAILY
CE_get_wb_investigate_detail,XDR_get_workbench_investigate
CE_get_wb_touch_by_API,slog_ubtaudit
NEW_ZTSA_deploy_rule_configure,CLP_WITH_V1_ACTIVE_LICENSE_DAILY
NEW_ZTSA_visit_customer_Main_Entries_sourcev2,NEW_ZTSA_visit_customer_Main_Entries_source
CE_get_wb_visit_by_API,slog_ubtaudit
Func_V1_Deployed_bySensor_Summary,Func_V1_Deployed_bySensor
Trilogy_Security_Control_Feature_Adoption_Change,GET_FEATURE_ADOPTION_RATE
XDR_touched_WB_include_export_bak,slog_ubtaudit
etl_get_titanium_legalshield_weekly_report_metrics,etl_get_legalshield_latest_subscription_count
CLP_WHO_USE_ZTSA_test,slog_ubtaudit
Reports_Accumulated_CLP_And_Reports,CLP_WITH_V1_ACTIVE_LICENSE_DAILY
BIF_Service_Gateway_Appliance,slog_ubtaudit
Trilogy_retention_rate,CLP_WITH_V1_ACTIVE_LICENSE_DAILY
Func_Sandbox_Submission,slog_ubtaudit
CE_get_wb_TP_or_FP_closed,slog_ubtaudit
Reports_onetime_funnel,Reports_Onetime
NEW_ZTSA_visit_customer_Main_Entries_source,CLP_WITH_V1_ACTIVE_LICENSE_DAILY
GET_IF_CUSTOMERS_V2,xdr_pendo_raw_event
R2301VPN,R2301User
V1_Current_Onboard_Customer_Console_Usage_Employee,V1_Current_Onboard_Customer_Seat_Range
NEW_ZTSA_IAM_Customer_wth_Enduser,Get_ZTSA_Rules
NEW_ZTSA_IAM_Customer_daily,Get_ZTSA_Rules
Reports_scheduled_successful,slog_system
NEW_ZTSA_privateassess_customers_daily,CLP_WITH_V1_ACTIVE_LICENSE_DAILY
RA_Completed_Assessment_Customer,slog_ubtaudit
GET_TRILOGY_SENSOR_LOGS,GET_PRODUCTCODE_FROM_LOGSOURCE
R2301EmailDefender,R2301User
etl_get_tmms_weekly_report_metrics,etl_get_tmms_weekly_report_active_licenses
platinum_titanium_settings_status_generate_result,platinum_titanium_settings_status_get_column_count
CLP_WHO_VISIT_ZTRI_DAILY_withuser,CLP_WHO_VISIT_V1
GET_IF_CUSTOMERS,xdr_pendo_raw_event
V1_Current_Onboard_Customer_Console_Usage,V1_Current_Onboard_Customer_Seat_Range
Func_CLP_Account_License,slog_ubtaudit
Track_Type_Average_Retention_Cohort,CLP_WITH_V1_ACTIVE_LICENSE_DAILY
Reports_schedule_funnel,Reports_shcedule
XDR_touched_WB_v2_bak,slog_ubtaudit
private_slog_ubtaudit_pii,slog_ubtaudit_pii
XDR_touched_WB_bak,XDR_touched_WB_base
Tree_View_Security_Playbooks,xdr_matomo_events
Func_V1_OpenApi_Ubt,slog_ubtaudit
NIPS_Drill_Down_Table,Func_NIPS_Use
CLP_WHO_VISIT_ASSET,GET_XPATH_CODE_V2
NI_in_use_clp,NI_onboard_customers_Louis_Temp
XDR_touched_WB_base,slog_ubtaudit
Func_C1_Deployed_Ins_new,Func_C1_Mapping
DVASS_UI_Page_Visit,DVASS_Get_UI_Interaction
ZTSA_ZTNA_Basic_Get_License,CLP_WITH_V1_ACTIVE_LICENSE_DAILY
ZTSA_ZTNA_Basic_Get_IAM,slog_ubtaudit
Func_C1_Customer_Ins_new,Func_C1_Mapping
ZTSA_ZTNA_Basic_Get_SWG,slog_ubtaudit
ZTSA_ZTNA_Basic_Get_Connector,slog_ubtaudit
ZTSA_ZTNA_Basic_Get_SSO,slog_ubtaudit
Tree_View_Network_Intrusion_Prevention_App,TRI_get_enabled_data_source_detail
Tree_View_Network_Inventory_App,slog_ubtaudit
XDR_adv_features_OAT,slog_ubtaudit
XDR_adv_features_Search,slog_ubtaudit
Func_Forensics_And_Analysis_Use,xdr_matomo_events
ZTSA_Customer_CLP_MOM,ZTSA_Customer_CLP
XDR_visit_Search,slog_ubtaudit
CE2_Get_TI_Score,slog_ubtaudit
Func_V1_UBT_Customer_for_Tableau,V1_Engagement_Score_v2
CLP_WHO_VISIT_TRILOGY_RI,CLP_WHO_VISIT_V1
ZTSA_Credit_CLP_Info_Daily,slog_ubtaudit
NI_customer_flatten_data,NI_onboard_customers_Louis_Temp
NI_customer_ddi_deployed_type,NI_onboard_customers_Louis_Temp
V1_Trial_Customer_Performance_Metrics,slog_ubtaudit
CES2_Sensor_Deployment,Func_Hubble_MAP_Data_Source_Type
PARSE_V1_UI_RAW_DATA,GET_XPATH_CODE_V2
Func_V1_Product_Connect_Status_for_Tableau,Product_Name
ZTSA_Customer_CLP_date_overview,slog_ubtaudit
DVASS_Get_CLP_DataSource,GET_TRILOGY_SENSOR_LOGS
GET_V1_WAA_PAGE,GET_V1_TPC_PAGE
Tree_View_Report_Management_App,Reports_download
Func_V1_OpenApi_Ubt_Count,slog_ubtaudit
onelink_get_new_blog_page_product_table,Product_Name
vw_C1_Deployed_Instance_by_FreeTier_exp,vw_C1_NSVA
V1_UBT_SUMMARY_V2,V1_UBT_SUMMARY_SESSION
vw_C1_Account_Usage_by_Level,vw_CDE_C1_Sub_Channel
V1_Onboard_Customer_Count_by_Sensor_Type_Trendinggg,Func_V1_haha
vw_C1_Entitlement,vw_C1_Subscription
V1_Mobile_Console_Weekly_Report,V1_Mobile_Console_Data
Func_C1_Customer_Ins,Func_C1_Mapping
XDR_touched_WB_base_bak,slog_ubtaudit
Func_C1_Customer_Usage,vw_C1_Deployed_Instance
Tree_View_Security_Assessment,Func_V1_Accumulated_Cus
Func_C1_Deployed_Ins,Func_C1_Mapping
Vision_One_Account_Summary_HUB_15_New,Func_Hubble_CLP_Account_UBT_Addon
Func_CLP_Account_License_New,slog_ubtaudit
Upcoming_Renewal,Partner_Revenue
Func_C1_Account_Mapping,slog_ubtaudit
Func_C1_Entitlement_Daily,vw_C1_Entitlement
PARSE_V1_UI_RAW_DATA_V2,GET_XPATH_CODE_V2
Func_V1_Engagement_Score_v2_for_Tableau,V1_Engagement_Score_v2
Func_SG2_enable,slog_ubtaudit
Tree_View_Vulnerability_Prioritization,DVASS_Get_UI_Interaction
vw_C1_Deployed_Instance_exp,vw_C1_NSVA
vw_C1_Deployed_Instance_by_Dimension_exp,vw_C1_NSVA
Func_NPS_In_Past_90days,v_xdr_pendo_guide_events
Tree_View_DMM,slog_ubtaudit
Tree_View_Response_Management,slog_ubtaudit
Func_NPS_Historical_Data,v_xdr_pendo_guide_events
Tree_View_Intelligence_Report,slog_ubtaudit
Func_SG2_Register,slog_ubtaudit
Tree_View_Sandbox_Analysis,slog_ubtaudit
ZTSA_ZTNA_Basic_Get_Change,ZTSA_ZTNA_Basic_Get_Configuration
ZTSA_ZTNA_Get_Track_Event,ZTSA_ZTNA_Get_Track
ZTSA_SWG_Active_User_Info,CLP_WITH_V1_ACTIVE_LICENSE_DAILY
xxx_Func_App_Usage_Per_Day_CLP,slog_ubtaudit
xxx_Func_First_Login_Month_App_Usage_Per_Day,slog_ubtaudit
onelink_get_product_table,Product_Name
DVASS_UI_V1_Notitication,xdr_matomo_events
White_label_partners,slog_ubtaudit
CE_get_EndpointInventory_metrics,slog_ubtaudit
fed_js_error,fed_ubt
fed_js_error_series,fed_js_error
GET_PRODUCT_CODE_MAPPING_V2,GET_TRILOGY_PRODUCT_CODE_MAPPING
CLP_WHO_VISIT_ZTRI_V2,CLP_WITH_V1_ACTIVE_LICENSE_DAILY
BIF_email_sensor_daily_snapshot_20220715_backup,slog_ubtaudit
R22Q3DownloadScanPopup,R22Q3Users
Ti1773NSSUninstallSurvey,computer
XDR_visit_WB,slog_ubtaudit
CE_get_wb_visit_v2,XDR_visit_WB
XDR_visit_OAT,slog_ubtaudit
CE_get_OAT_List_v2,XDR_visit_OAT
CE_get_api_metrics,slog_ubtaudit
R2209MainConsoleStatus,R2209User
R22Q3UninstallSurvey,computer
R2208PayGuard,R2208User
fed_ubt,xdr_matomo_events
R2211OMS,R2211User
XDR_touched_WB_include_export,slog_ubtaudit
CE_get_OAT_List_without_sth,slog_ubtaudit
TRI_get_enabled_data_source_count_bak,TRI_get_enabled_data_source_detail
R2211WeeklyReportPopup,R2211User
TRI_get_enter_page_metrics_bak,TRI_get_enter_page_raw_data
TRI_get_enter_page_raw_data,Func_pendo_track_type_mapping
R2211MainConsoleStatus,R2211User
CE_get_OAT_List,slog_ubtaudit
CE_get_search_investigate,XDR_get_search_investigate
XDR_touched_WB,XDR_touched_WB_base
CE_get_wb_close_rate,slog_ubtaudit
CE_get_wb_decisive_response_rate,slog_ubtaudit
CE_get_wb_FP_close_rate,slog_ubtaudit
CE_get_wb_visit,slog_ubtaudit
XDR_get_decisive_response,slog_ubtaudit
XDR_get_investigate_response,slog_ubtaudit
CE_get_hunter_app_features,XDR_visit_DIR_Apps
CE_get_risk_insight_drill_down_metrics,slog_ubtaudit
V1_EPP_Product_Connect_List,slog_ubtaudit
TRI_get_enter_page_metrics,TRI_get_enter_page_raw_data
RA_Assessment_Customer_EPP_Data,RA_Assessment_Customer
AMSPopup101Ctr,onelink_fix_additional_info
NEW_ZTSA_accumulated_private_internet_temp,CLP_WHO_USE_ZTSA
onelink_map_additional_info_to_one_link_info,onelink_get_query_parameter_value_from_url
NEW_ZTSA_rule_enforcement_customers_temp,CLP_WHO_USE_ZTSA
n1_cus_feature_pool,slog_ubtaudit
ZTSA_Credit_CLP_Info_V2,CLP_WITH_V1_ACTIVE_LICENSE_DAILY
REPORT_V1_ACTIVE_LICENSE_DAILY,CLP_WITH_V1_ACTIVE_LICENSE_DAILY
REPORT_VISIT_V1,CLP_WHO_VISIT_V1
REPORT_VISIT_ZTSA,CLP_WHO_VISIT_ZTSA
REPORT_DEPLOY_ZTSA,CLP_WHO_DEPLOY_ZTSA
REPORT_USE_ZTSA,CLP_WHO_USE_ZTSA
REPORT_VISIT_ZTRI,CLP_WHO_VISIT_ZTRI
REPORT_USE_ZTRI,CLP_WHO_INUSE_ZTRI
R2203AMSFunnel,onelink_fix_additional_info
NEW_ZTSA_hitrule_device,slog_ubtaudit
etl_get_pwp_user,etl_biz_keys_by_product
SG2_Cus_Registered,slog_ubtaudit
AutpPayGuard,R2209User
Func_CLP_Account_License_Daily,slog_ubtaudit
BIF_Service_Gateway_ForwardingProxy_Enable,SG_Appliance_Service_Status_2
BIF_Service_Gateway_Service_AD_Real_Traffic,slog_ubtaudit
BIF_Service_Gateway_Service_LAU_Real_Traffic,slog_ubtaudit
BIF_Service_Gateway_Service_LogForwarding_Real_Traffic,SG_Appliance_LastInfo
BIF_Service_Gateway_Service_SO_Sync_Real_Traffic,SG_Appliance_LastInfo
BIF_Service_Gateway_Service_SPS_Real_Traffic,SG_Appliance_LastInfo
SG2_Appliance_Registered,slog_ubtaudit
BIF_Service_Gateway_Service_TPI_Real_Traffic,TPI_sLog_3rd_sharing_v2
TRI_get_enter_page_metrics_unpivot,TRI_get_enter_page_raw_data
user_segmentation_clp,GET_NAV_APP_FUNC3
R2207R2208MobileFunnel,onelink_fix_additional_info
BIF_endpoint_sensor_daily_snapshot_new,xdr_endopoint_agent_daily_snapshot_view
Func_V1_App_Usage_by_CLP,XDR_created_WB
user_segmentation_30d,GET_NAV_APP_FUNC3
XDR_touched_WB_v2,slog_ubtaudit
XDR_created_WB,slog_trace
MOBILE_SECURITY_ENROLLED_DEVICE_FUNC,slog_ubtaudit
ZTRI_Weekly_ACTIVE_INUSE_Customers,slog_ubtaudit
ZTRI_DAILY_ACTIVE_INUSE_Customers,slog_ubtaudit
ZTRI_Accumulated_Customers,SASE_ACTIVE_CLP_FUNC
ZTRI_CLPS_INFO_LAST_30d,slog_ubtaudit
SASE_Accumulated_Customers,SASE_ACTIVE_CLP_FUNC
SASE_CLPS_INFO_LAST_30d,slog_ubtaudit
TPI_sLog_intelligence_Feeds,slog_ubtaudit
CLP_WHO_VISIT_V1_FUNC_DAILY,slog_ubtaudit
TPI_sLog_3rd_sharing,slog_ubtaudit
CE_get_account_management_features,slog_ubtaudit
TPI_sLog_service_gateway,slog_ubtaudit
TPI_sLog_WB_SIEM,slog_ubtaudit
TPI_sLog_3rd_sharing_v2,slog_ubtaudit
TPI_sLog_TI,slog_ubtaudit
FW_Promotion_Log,slog_ubtaudit
CE_get_oat_expand_detail,XDR_touched_OAT
NI_DDI_V1_support_Cus,DDI_total_licensed_cus
FW_Complimentary_Credit_Eligible_Customer,FW_Complimentary_Credit_Eligible_Customer_No_Seat_Limitation
Credit_Usage_Table,slog_ubtaudit
NI_provision_NS_connection_status,slog_ubtaudit
XDR_get_DAU_WAU,slog_ubtaudit
TPI_sLog_stix_shifter,slog_ubtaudit
TPI_sLog_TI_MISP_feed_usage,slog_ubtaudit
BIF_network_sensor_snapshot,slog_ubtaudit
ZTRI_Monthly_ACTIVE_INUSE_Customers,slog_ubtaudit
ZTRI_App_Usage,SASE_ACTIVE_CLP_FUNC
ZTRI_Accumulated_Sensors,SASE_ACTIVE_CLP_FUNC
CLP_WHO_VISIT_ZTRI_DAILY,CLP_WHO_VISIT_V1
Product_Settings_ETL,Product_Name
Vision_One_Account_App_Usage_Trending_Sase,Vision_One_Account_App_Usage_Get_CLP_By_MAK
ZTSA_Visited_Customer_30d,CLP_WITH_V1_ACTIVE_LICENSE_DAILY
V1_Onboard_Customer_Count_by_Sensor_Type_Trending,Func_V1_Deployed_bySensor
ZTSA_Rule_Hit_Times_30d,CLP_WHO_INUSE_ZTSA
ZTSA_Permssion_Access_Deployment_30d,slog_ubtaudit
ZTSA_Accumulated_In_Use_Customer,CLP_WHO_INUSE_ZTSA
FW_Full_Promotion_With_Customer_Log,slog_trace
Func_CLP_Account_DQ_Before_Rename,V1_Engagement_Score_v2
Func_Flywheel_Onboarding_Log,slog_ubtaudit
C1_Trial_Conversion_Rate_Summary,Func_c1_trial_conversion_summary
CLP_WHO_VISIT_V1_TEST,slog_ubtaudit
C1_Trial_Conversion_Rate_Trending,Func_c1_trial_conversion_trending
FW_Promotion_With_Customer_Log,slog_ubtaudit
CLP_WHO_ELIGIBLE_ZTSA,CLP_WHO_VISIT_ZTSA
CLP_WHO_VISIT_ZTSA,CLP_WITH_V1_ACTIVE_LICENSE_DAILY
C1_Trial_Conversion_Rate_Customer_List,Func_c1_trial_conversion_customer_list
XDR_cus_not_expire,slog_ubtaudit
GetChurnRate,Fn_Customer_Churn_Rate
demo,slog_ubtaudit
CLP_WHO_VISIT_ZTRI,CLP_WHO_VISIT_V1
ZTRI_CLPS_INFO_LAST_37d,slog_ubtaudit
Vision_One_Account_Summary,Func_Hubble_CLP_Account_UBT_Addon
SASE_ACTIVE_CLP_TEMP_FUNC,slog_ubtaudit
TPI_sLog_service_gateway_v2,slog_ubtaudit
V1_Engagement_Score_v2_Daily,V1_Engagement_Score_v2
CE_get_TPI_enabled_investigation,slog_ubtaudit
V1CustomerSetFunc,slog_ubtaudit
SG_Appliance_Registered,slog_ubtaudit
SG_Cus_Registered,slog_ubtaudit
BIF_endpoint_sensor_daily_snapshot,xdr_endpoint_agent_daily_snapshot_view_new
CE_get_early_warning_metrics,slog_ubtaudit
CE_get_OAT_List_API_SIEM,slog_ubtaudit
mxdr_ubt_approval_requests,slog_ubtaudit
CLP_WHO_VISIT_V1_FUNC,slog_ubtaudit
CLP_WHO_VISIT_V1_AND_SASE_FUNC,slog_ubtaudit
CE_get_Logon_info,slog_ubtaudit
SASE_ACTIVE_CLP_FUNC,slog_ubtaudit
CE_get_TPI_enabled_IT_management,slog_ubtaudit
CLP_WHO_VISIT_V1_AND_SASE_Ling_FUNC,slog_ubtaudit
CE_get_ti_manualsweeping,slog_ubtaudit
CE_get_dmm_enable_disable,slog_ubtaudit
CE_get_ti_configure_so,slog_ubtaudit
Vision_One_Engagement_Score_Trending,V1_Engagement_Score_v2
Func_Conversion_Rate_SASE,slog_ubtaudit
CE_get_search_features,slog_ubtaudit
XDR_risky_paid_customer,slog_ubtaudit
CE_get_dashboard_features,slog_ubtaudit
Onboard_Customer_Summarize_Score_Header,Onboard_Customer_Summarize_Score_Trending
ubt_audit_piibak,slog_ubtaudit
Vision_One_Account_Contact_App_Usage_Past_30d,slog_ubtaudit_pii
Func_CLP_Account_UBT_V1_Report,Func_CLP_Account_UBT_Simple
CE_get_misc_metrics,slog_ubtaudit
CLP_WHO_VISIT_V1_AND_SASE_FUNC2,slog_ubtaudit
SASE_ACTIVE_CLP_FUNC2,slog_ubtaudit
TPI_sLog_TI_stix_feed_usage,slog_ubtaudit
Func_CLP_Account_CES_Full,slog_ubtaudit
Func_CLP_Account_UBT_Extract,Func_CLP_Account_UBT
TPI_sLog_MISP_Feeds,slog_ubtaudit
TPI_status_intelligenceFeed,TPI_sLog_intelligence_Feeds
NI_matomo_events,xdr_matomo_events
slog_appendlostdata,slog_ubtaudit
Pendo_Get_Raw_Track,xdr_pendo_raw_event
slog_trace_appendlostdata,slog_trace
NI_early_warning_target_Cus,NI_customer_base
get_arp_count_and_duration_by_mdr_analyst,slog_ubtaudit
CE_get_product_connector_operate_status,slog_ubtaudit
CE_get_risk_insight_action_taken,slog_ubtaudit
Invoice_Detail,GetCurrentMonth
MyFunction1,slog_ubtaudit
SG_Appliance_LastInfo,slog_ubtaudit
SG_Appliance_Versions,slog_ubtaudit
BIF_network_sensor_daily_snapshot,NI_ddi_connection_status_daily
SG_Appliance_Setting,slog_ubtaudit
SASE_ACTIVE_CLP_FUNC_Ling,slog_ubtaudit
CLP_WHO_VISIT_V1_AND_SASE_FUNC_Ling,slog_ubtaudit
CLP_WHO_VISIT_V1_FUNC_Ling,slog_ubtaudit
CLP_WHO_VISIT_V1_FUNC2,slog_ubtaudit
FW_OnboardingResult_With_CompanyID_Log,slog_trace
Onboard_Customer_Summarize_Score_Trending,V1_Engagement_Score_v2
Vision_One_NPS_Detail,Func_NPS_Historical_Data_PII
Vision_One_Account_App_Usage_Trending_Mobile_Inventory_UI,Vision_One_Account_App_Usage_Get_CLP_By_MAK
Func_Sandbox_Response_Submission,slog_ubtaudit
Func_Sandbox_Manually_Submission,slog_ubtaudit
FW_Credit_Usage_Log,slog_ubtaudit
_CAS_Agent_Setting_for_Early_Warning,Product_Name
_CAS_Server_Setting_for_Early_Warning,Product_Name
Vision_One_Account_App_Usage_Trending_Zero_Trust_Secure_Access_UI,Vision_One_Account_App_Usage_Get_CLP_By_MAK
Credit_inApp_Promotion_Flatten_table,Credit_Usage_Table
Trial_Credit_Cus_Flatten_Table_CLP,Credit_Usage_Table
CAS_Product_Settings_ETL,Product_Name
Trial_Credit_Cus_Flatten_Table_MAK,Credit_Usage_Table_MAK
Vision_One_NPS_Summary,Func_NPS_Historical_Data_PII
Credit_Usage_Table_MAK,Credit_Usage_Table
_ApexOne_Server_Setting_for_Early_Warning,Product_Name
Func_CLP_Account_Pre_Daily_Job_DQ,xdr_endopoint_agent_daily_snapshot_view
SG_Appliance_Registered_new,slog_ubtaudit
CE_get_tad_feature_enable_status,slog_ubtaudit
Vision_One_Account_App_Usage_Trending_Sandbox_Analysis_UI,SANDBOX_ANALYSIS_ACTIVE_CLP_FUNC
Func_Product_Connect_Status,slog_ubtaudit
DDI_Product_Settings_ETL,Product_Name
DS_Product_Settings_ETL,Product_Name
Vision_One_Account_CLP_ID_Summary,V1_Engagement_Score_v2
Trial_Account_CloudOne_Product_Usage_Summary,Func_C1_Customer_Ins
Vision_One_Account_App_Usage_Trending_Campaign_Intel_UI,Vision_One_Account_App_Usage_Get_CLP_By_MAK
CE_get_ztri_adv_metrics,slog_ubtaudit
BIF_network_sensor_daily_snapshot_20211221_backup_before_new_logic,slog_ubtaudit
RA_Assessment_Enable_Sensor_Customer,CLP_WITH_V1_ACTIVE_LICENSE_DAILY
C1WS_Product_Settings_ETL,Product_Name
RA_Assessment_Customer_Company_Size,RA_Assessment_Customer
CE_get_tad_deploy_sensors,xdr_matomo_events
A1_Product_Settings_ETL,Product_Name
