function,table_child
RA_Assessment_Existing_Customer_With_Sensor_Deployed_React_Funnel,CLP_Account_UBT
RA_Assessment_Existing_Customer_With_Sensor_Deployed_React_Funnel,CLP_Account_UBT_Daily
Func_V1_App_Usage_detail,xdr_pendo_events_flattened
Func_V1_App_Usage_detail,slog_ui_activity
Func_V1_App_Usage_detail,xdr_pendo_feature_events
Func_CLP_Account_Risk_Insights_UBT,trilogyDataAPI
Func_V1_Engagement_Score_v2,CLP_Account_UBT_Daily
Func_CLP_Account_UBT_App_Usage_bak,slog_category
Func_CLP_Account_UBT_App_Usage_bak,xdr_pendo_events_flattened
Func_CLP_Account_UBT_App_Usage_bak,CLP_Account_License
Func_CLP_Account_UBT_App_Usage_bak,CLP_Account_License_Daily
Func_CLP_Account_UBT_App_Usage_bak,xdr_pendo_feature_events
RA_Assessment_Customer_React_Funnel,CLP_Account_UBT_Daily
Func_CLP_Account_UBT_Simple_Pre_20200901,MAK_iES_Sensor_Count
Func_CLP_Account_UBT_Simple_Pre_20200901,CLP_Account_License
Func_CLP_Account_UBT_Simple_Pre_20200901,C1_Account_Usage_Daily
Func_CLP_Account_UBT_Simple_Pre_20200901,endpoint_sensor_daily_snapshot
Func_CLP_Account_UBT_Simple_Pre_20200901,c1ws_endpoint_sensor_daily_snapshot
Func_CLP_Account_UBT_Simple_Pre_20200901,CLP_Account_License_Daily
Func_CLP_Account_UBT_Simple_Pre_20200901,credit_allocation_daily_snapshot
Func_CLP_Account_UBT_Simple_Pre_20200901,CLP_Account_CES_Daily
Func_CLP_Account_UBT_Simple_Pre_20200901,email_sensor_daily_snapshot
Func_CLP_Account_UBT_Simple_Pre_20200901,network_sensor_daily_snapshot
RA_Assessment_Customer_React_Funnel_Try_Enable_Sensor,CLP_Account_UBT_Daily
ZTSA_ZTNA_Customer_Profile,xdr_pendo_events_flattened
ZTSA_ZTNA_Customer_Profile,sase_tdl
ZTSA_ZTNA_Customer_Profile,xdr_xbc_agent_run_result
ZTSA_ZTNA_Customer_Profile,xdr_endpoint_agent
Func_CLP_Account_UBT_Simple,MAK_iES_Sensor_Count
Func_CLP_Account_UBT_Simple,CLP_Account_License
Func_CLP_Account_UBT_Simple,C1_Account_Usage_Daily
Func_CLP_Account_UBT_Simple,endpoint_sensor_daily_snapshot
Func_CLP_Account_UBT_Simple,c1ws_endpoint_sensor_daily_snapshot
Func_CLP_Account_UBT_Simple,CLP_Account_License_Daily
Func_CLP_Account_UBT_Simple,C1_Account_Usage
Func_CLP_Account_UBT_Simple,credit_allocation_daily_snapshot
Func_CLP_Account_UBT_Simple,CLP_Account_CES_Daily
Func_CLP_Account_UBT_Simple,email_sensor_daily_snapshot
Func_CLP_Account_UBT_Simple,network_sensor_daily_snapshot
ZTSA_ZTNA_Customer_Setting,xdr_pendo_events_flattened
ZTSA_ZTNA_Customer_Setting,sase_tdl
ZTSA_ZTNA_Customer_Setting,xdr_xbc_agent_run_result
ZTSA_ZTNA_Customer_Setting,xdr_endpoint_agent
Func_CLP_Account_UBT_Simple_bak,MAK_iES_Sensor_Count
Func_CLP_Account_UBT_Simple_bak,CLP_Account_License
Func_CLP_Account_UBT_Simple_bak,C1_Account_Usage_Daily
Func_CLP_Account_UBT_Simple_bak,endpoint_sensor_daily_snapshot
Func_CLP_Account_UBT_Simple_bak,c1ws_endpoint_sensor_daily_snapshot
Func_CLP_Account_UBT_Simple_bak,CLP_Account_License_Daily
Func_CLP_Account_UBT_Simple_bak,C1_Account_Usage
Func_CLP_Account_UBT_Simple_bak,credit_allocation_daily_snapshot
Func_CLP_Account_UBT_Simple_bak,CLP_Account_CES_Daily
Func_CLP_Account_UBT_Simple_bak,email_sensor_daily_snapshot
Func_CLP_Account_UBT_Simple_bak,network_sensor_daily_snapshot
swg_ubt_analysis,xdr_pendo_raw_events
CES2_Risk_Insights,CLP_Account_License
Func_RI_UBT_t,trilogyDataAPI
Func_C1_Account_Usage,c1_pendo_page_events
Func_C1_Account_Usage,c1_pendo_pages
Func_C1_Account_Usage,C1_Account_Mapping
Func_C1_Account_Usage,C1WS_From_DS_Daily
onelink_get_app_launch_table,telemetry_collector
onelink_get_app_launch_table,tmc_user
Func_CLP_Account_UBT_App_Usage_Pre_20200901,xdr_pendo_events_flattened
Func_CLP_Account_UBT_App_Usage_Pre_20200901,CLP_Account_License
Func_CLP_Account_UBT_App_Usage_Pre_20200901,CLP_Account_License_Daily
Func_CLP_Account_UBT_App_Usage_Pre_20200901,xdr_pendo_feature_events
Tree_View_Executive_Dashboard_bak_0223,xdr_pendo_events_flattened
CES2_XDR_Threat_Investigation,xdr_pendo_raw_events
onelink_get_red_alert_table,telemetry_collector
NI_flywheel_eligible_Cus,MAK_Account_GUID
NI_flywheel_eligible_Cus,ddi_product_feedback
NEW_ZTSA_customers_30d_temp,CLP_Account_License
NEW_ZTSA_customers_30d_temp,sase_tdl
CES2_XDR_Threat_Investigation_bak,xdr_pendo_raw_events
onelink_get_app_launch_table_from_app_information,telemetry_collector
onelink_get_app_launch_table_from_app_information,tmc_user
JapanXTrialUser,JapanXTrialConversion
ZTSA_ZTNA_DebugV2,sase_tdl
ZTSA_ZTNA_DebugV2,xdr_pendo_raw_events
Func_ps_test_backup,xdr_pendo_events_flattened
Func_ps_test_backup,CLP_Account_License
Func_ps_test_backup,xdr_pendo_feature_events
func_ps_test_opt,xdr_pendo_events_flattened
func_ps_test_opt,xdr_pendo_feature_events
Func_ps_test_base,xdr_pendo_events_flattened
Func_ps_test_base,xdr_pendo_feature_events
CLP_WHO_DEPLOY_ZTSA_test,sase_tdl
Func_C1_Account_Usage_Raw,AWS_Channel_Daily
Func_C1_Account_Usage_Raw,MAK_Channel_Daily
Func_C1_Account_Usage_Raw,C1_Entitlement_Daily
Func_C1_Account_Usage_Raw,C1_Account_Mapping
Func_C1_Account_Usage_Raw,C1_Usage
CE_get_OAT_investigate,V1_role
Func_ps_test,xdr_pendo_events_flattened
Func_ps_test,xdr_pendo_feature_events
XDR_get_OAT_investigate,V1_role
Tree_View_ZTSA_0301,xdr_pendo_events_flattened
Tree_View_ZTSA_0301,dataLakeMetrics
Tree_View_ZTSA_0301,sase_tdl
NI_flywheel_30_eligible_Cus,CLP_Account_License
Tree_View_Service_Gateway,DeviceVulnerability
Tree_View_Service_Gateway,xdr_pendo_raw_events
Tree_View_Executive_Dashboard,xdr_pendo_events_flattened
Customer_Profiles_ETL_bak,CLP_Account_License
Customer_Profiles_ETL_bak,MAK_Account_GUID
Customer_Profiles_ETL_bak,MAK_Account_License
Customer_Profiles_ETL_bak,osce_product_feedback
CLP_WHO_DEPLOY_ZTSA,sase_tdl
NI_flywheel_onboarded_Cus,MAK_Account_GUID
Customer_Profiles_ETL,CLP_Account_License
Customer_Profiles_ETL,CLP_Account_UBT
Customer_Profiles_ETL,MAK_Account_GUID
Customer_Profiles_ETL,MAK_Account_License
Customer_Profiles_ETL,osce_product_feedback
Func_CLP_Account_CES_Backup_20220218,xdr_pendo_events_flattened
Func_CLP_Account_CES_Backup_20220218,CLP_Account_License
Func_CLP_Account_CES_Backup_20220218,CLP_Account_License_Daily
R2209AutpOpenPayGuard,telemetry_collector_ti
NEW_ZTSA_Agent_Deployment,xdr_endpoint_agent
_ApexOne_Agent_Setting_for_Early_Warning,RealTimeScanSetting
_ApexOne_Agent_Setting_for_Early_Warning,AgentBuildInfo
_ApexOne_Agent_Setting_for_Early_Warning,WebReputationSetting
_ApexOne_Agent_Setting_for_Early_Warning,BehaviorMonitorSetting
_ApexOne_Agent_Setting_for_Early_Warning,PredictiveMachineLearningSetting
_ApexOne_Agent_Setting_for_Early_Warning,ServerInfo
NEW_ZTSA_rule_enforcement_template,sase_tdl
R2209EmailDefender,telemetry_collector
TRI_get_engagement_score_bak,CLP_Account_License
onelink_get_news_page_table,telemetry_collector
RA_Assessment_Customer,CLP_Account_License
RA_Assessment_Customer,Fill_Out_Form
RA_Assessment_Customer,CLP_Account_UBT_Daily
RA_Assessment_Customer,Assessment_Data
NEW_ZTSA_deploy_agent_with_traffic,dataLakeMetrics
NEW_ZTSA_deploy_agent_with_traffic,xdr_endpoint_agent
Pendo_Get_Journey_With_Slog,xdr_pendo_track_types
BIF_email_sensor_daily_snapshot,cas_product_feedback
onelink_get_experience_portal_table,telemetry_collector
Func_NPS_Historical_Data_PII,V1_user_account
Func_NPS_Historical_Data_PII,CLP_Account_License
TRI_get_engagement_score,CLP_Account_License
SG2_Appliance_Setting,CLP_Account_License
Func_CLP_Account_UBT_Channel,CLP_Account_License
Func_CLP_Account_UBT_Channel,CLP_Account_License_Daily
CE_get_wb_investigate_rate_bak,tmsas_matomo_log_link_visit_action
CE_get_wb_investigate_rate_bak,tmsas_matomo_log_action_v2
CE_get_wb_investigate_rate_bak,tmsas_matomo_log_visit
CE_get_wb_investigate_rate_bak,tmsas_matomo_log_action
CE_get_wb_investigate_rate_bak,rca_mapping_workbench
CE_get_wb_investigate_rate_bak,V1_role
Tree_View_Attack_Surface_Discovery,xdr_pendo_events_flattened
Assessment_cloudMail,xdr_pendo_events_flattened
Assessment_cloudMail,CLP_Account_License
DDI_Settings_related_to_SOC_Users,MAK_Account_GUID
Assessment_common_attribute,CLP_Account_License
CLP_WHO_USE_ZTSA,dataLakeMetrics
CLP_WHO_USE_ZTSA,sase_tdl
Tree_View_Attack_Surface_Discovery_bak0223,xdr_pendo_events_flattened
Func_CLP_Account_UBT,slog_category
Func_CLP_Account_UBT,V1_user_account
Func_CLP_Account_UBT,CLP_Account_License
Func_CLP_Account_UBT,CLP_Account_UBT_Daily
Func_CLP_Account_UBT,Account_Intelligence
Func_CLP_Account_UBT,CLP_Account_License_Daily
Func_CLP_Account_CES_Full_Backup_20220218,xdr_pendo_events_flattened
Func_CLP_Account_CES_Full_Backup_20220218,CLP_Account_License
Func_CLP_Account_CES_Full_Backup_20220218,CLP_Account_UBT_Daily
Func_CLP_Account_CES_Full_Backup_20220218,CLP_Account_License_Daily
CE_get_OAT_investigate_bak,V1_role
Func_CLP_Account_CES_Manual,xdr_pendo_events_flattened
Func_CLP_Account_CES_Manual,CLP_Account_License
Func_CLP_Account_CES_Manual,CLP_Account_UBT_Daily
Func_CLP_Account_CES_Manual,CLP_Account_License_Daily
GET_ASSET_CRITICALITY_STAR_CUSTOMER_VISIT_ASSETS,sase_tdl
RI_general_feature,xdr_pendo_events_flattened
Func_Security_Playbook_Use_Jerry,trilogy3_wae_triggered_task
Func_Security_Playbook_Use_Jerry,V1_role
Func_Security_Playbook_Use_Jerry,trilogy3_wae_playbook
V1_Flywheel_Product_Campaign_Promotion_Onboard,CLP_Account_License
Func_Security_Playbook_Use_Temp,trilogy3_wae_triggered_task
Func_Security_Playbook_Use_Temp,trilogy3_wae_playbook
Func_Security_Playbook_Use,trilogy3_wae_triggered_task
Func_Security_Playbook_Use,V1_role
Func_Security_Playbook_Use,trilogy3_wae_playbook
Trilogy_Enabled_Data_Source,CLP_Account_License
Trilogy_Enabled_Data_Source,CLP_Account_UBT_Daily
Trilogy_Enabled_Data_Source,V1_Engagement_Score
BIF_Service_Gateway_Service_Enable,CLP_Account_License
CES2_Workflow_and_Automation,xdr_pendo_raw_events
ZTSA_ZTNA_Debug,xdr_pendo_events_flattened
ZTSA_ZTNA_Debug,sase_tdl
ZTSA_ZTNA_Debug,xdr_xbc_agent_run_result
ZTSA_ZTNA_Debug,xdr_endpoint_agent
get_incidentview_info,pte_workbench
ddi_Fn_template_003_active_cus_ddi_latest_feedback,MAK_Account_GUID
ZTSA_Customer_CLP_date_time,dataLakeMetrics
ZTSA_Customer_CLP_date_time,CLP_Account_License
ddi_Fn_template_002_valid_cus_ddi_latest_feedback_in_90d,MAK_Account_GUID
CLP_WHO_INUSE_ZTRI,dataLakeMetrics
CLP_WHO_INUSE_ZTRI,sase_tdl
Assessment_cloudMail_overview,xdr_pendo_events_flattened
Assessment_cloudMail_overview,CLP_Account_License
Vision_One_Account_App_Usage_Detail,CLP_Account_License
Vision_One_Account_User_Role_list,CLP_Account_License
XDR_touched_OAT,V1_role
ZTSA_CLP_Score_Raw_v2,xdr_pendo_events_flattened
ZTSA_CLP_Score_Raw_v2,CLP_Account_License
ZTSA_CLP_Score_Raw_v2,sase_tdl
ZTSA_CLP_Score_Raw_v2,xdr_pendo_raw_events
ZTSA_Customer_CLP,CLP_Account_License
ZTSA_Credit_CLP_Info,CLP_Account_License
CLP_WHO_INUSE_ZTRI_DAILY,dataLakeMetrics
CLP_WHO_INUSE_ZTRI_DAILY,sase_tdl
ZTSA_CLP_Score_Raw,xdr_pendo_events_flattened
ZTSA_CLP_Score_Raw,sase_tdl
ZTSA_CLP_Score_Raw,xdr_pendo_raw_events
R2209R2211MainConsoleDetailAnalysis,telemetry_collector_ti
Trial_Credit_Customer_Detail,CLP_Account_License
Trial_Credit_Customer_Detail,CLP_Account_UBT
Trial_Credit_Customer_Detail,CLP_Account_UBT_Daily
Trial_Credit_Customer_Detail,V1_Engagement_Score
R2211VPN,telemetry_collector_ti
ZTSA_Permssion_Access_Deployment_30d_Old,CLP_Account_License
Func_C1_Account_License,C1_Account_Usage_Daily
Func_C1_Account_License,CLP_Account_UBT
Func_C1_Account_License,CLP_Account_UBT_Daily
Func_C1_Account_License,C1_Account_Usage
Func_C1_Account_License,Ref_Valid_Customer_Details_Suite_L2
Func_C1_Account_License,C1_Account_Usage_Raw
Func_C1_Account_License,AWS_Channel_Daily
Func_C1_Account_License,MAK_Channel_Daily
Func_C1_Account_License,CDE_Product_Hierarchy
Func_C1_Account_License,C1_Account_Mapping
XDR_get_workbench_investigate,tmsas_matomo_log_link_visit_action
XDR_get_workbench_investigate,tmsas_matomo_log_action_v2
XDR_get_workbench_investigate,tmsas_matomo_log_visit
XDR_get_workbench_investigate,tmsas_matomo_log_action
XDR_get_workbench_investigate,rca_mapping_workbench
XDR_get_workbench_investigate,V1_role
Tree_View_SO_Management,xdr_pendo_events_flattened
Tree_View_SO_Management,CLP_Account_UBT_Daily
CE_get_wb_investigate_rate,tmsas_matomo_log_link_visit_action
CE_get_wb_investigate_rate,tmsas_matomo_log_action_v2
CE_get_wb_investigate_rate,tmsas_matomo_log_visit
CE_get_wb_investigate_rate,tmsas_matomo_log_action
CE_get_wb_investigate_rate,rca_mapping_workbench
CE_get_wb_investigate_rate,V1_role
BIF_email_sensor_daily_snapshot_new,cas_product_feedback
Reports_InUse_30d,CLP_Account_License
onelink_get_web_click_table,telemetry_collector
ZTSA_ZTNA_Debug_V1,xdr_pendo_events_flattened
ZTSA_ZTNA_Debug_V1,sase_tdl
ZTSA_ZTNA_Debug_V1,xdr_xbc_agent_run_result
ZTSA_ZTNA_Debug_V1,xdr_endpoint_agent
BIF_Service_Gateway_Service_Customer_Enable,CLP_Account_License
ddi_Fn_template_001_valid_cus_ddi_latest_feedback,MAK_Account_GUID
Func_CLP_Account_Pre_Daily_Job_DQ,MAK_iES_Sensor_Count
Func_CLP_Account_Pre_Daily_Job_DQ,CLP_Account_License
Func_CLP_Account_Pre_Daily_Job_DQ,CLP_Account_UBT_Acknowledge_DQ
Func_CLP_Account_Pre_Daily_Job_DQ,CLP_Account_License_Daily
Func_CLP_Account_Pre_Daily_Job_DQ,credit_allocation_daily_snapshot
RI_Risk_Reduction_Measure_Released_CLP_ID_List,xdr_pendo_events_flattened
RI_Risk_Reduction_Measure_Released_CLP_ID_List,CLP_Account_License
ZTSA_Permssion_Access_Deployment_30d,CLP_Account_License
ZTSA_Permssion_Access_Deployment_30d,xdr_endpoint_agent
TRI_get_enter_page_raw_data,xdr_pendo_events_flattened
ZTSA_Rule_Hit_Times_30d,sase_tdl
SG_Appliance_Registered_new,CLP_Account_License
CLP_WHO_ELIGIBLE_ZTSA,sase_tdl
CLP_WHO_VISIT_ZTSA,xdr_pendo_events_flattened
Trial_Credit_Cus_Flatten_Table_CLP,CLP_Account_UBT_Daily
Trial_Credit_Cus_Flatten_Table_CLP,CLP_Account_License_Daily
Func_Sandbox_Response_Submission,CLP_Account_License
Func_Product_Connect_Status,CLP_Account_License
Func_Product_Connect_Status_Hubble,CLP_Account_License
Func_Sandbox_Manually_Submission,CLP_Account_License
Credit_Usage_Table_MAK,CLP_Account_License
Trial_Credit_Cus_Flatten_Table_MAK,CLP_Account_License
Trial_Credit_Cus_Flatten_Table_MAK,CLP_Account_UBT
CLP_WHO_VISIT_V1_TEST,CLP_Account_License
CLP_WHO_VISIT_V1_TEST,CLP_Account_License_Daily
RA_Assessment_Enable_Sensor_Customer,xdr_pendo_events_flattened
BIF_Service_Gateway_Appliance,CLP_Account_License
CLP_WHO_USE_ZTSA_test,dataLakeMetrics
CLP_WHO_USE_ZTSA_test,sase_tdl
Func_C1_Account_Mapping,c1_account_lifecycle
Func_C1_Account_Mapping,CUS_Registered_Account_Profile
Func_C1_Account_Mapping,c1_entitlement
Func_C1_Account_Mapping,AWSM_Account_Feed_ADX
Func_C1_Account_Mapping,c1_testing_account_dump20210812
Func_C1_Account_Mapping,awsm_daily_usage
Func_C1_Account_Mapping,DS_AWSM_Country_BU_Mapping
Func_C1_Account_Mapping,REV_Sales_Inv_Lines_AWSM
Func_C1_Account_Mapping,MAP_FIN_Region_BU
Func_C1_Account_Mapping,c1_pendo_track_events
Func_C1_Account_Mapping,c1_missing_country_dump20210930
Func_C1_Account_Mapping,CDE_Data_Source
Func_C1_Account_Mapping,CUS_Account_Profile
Func_C1_Account_Mapping,CUS_Account_Key_Map
Func_C1_Account_Mapping,dataLakeAPI
Func_C1_Account_Mapping,C1_Account_Mapping
Func_C1_Account_Mapping,C1_entitlement_dump20210728
Func_C1_Account_Mapping,C1_SFDC_Account_Mapping
Func_C1_Account_Mapping,C1_Usage
Func_C1_Account_Mapping,c1_subscription_lifecycle
Func_AWS_Channel_Daily,awsm_daily_usage
Func_AWS_Channel_Daily,REV_Sales_Inv_Lines_AWSM
Func_AWS_Channel_Daily,AWSM_Offer_Feed
Func_C1_Deployed_Ins,C1_Account_Usage_Daily
Func_C1_Deployed_Ins,C1_Account_License
BIF_email_sensor_daily_snapshot_to_use_0617,cas_product_feedback
BIF_email_sensor_daily_snapshot_20220325_backup_before_new_logic,cas_product_feedback
Func_Sandbox_Submission,CLP_Account_License
CLP_WHO_VISIT_ZTRI_DAILY_withuser,xdr_pendo_events_flattened
Func_SG2_enable,SG2_Registered_guid
V1_Current_Onboard_Customer_Console_Usage,CLP_Account_UBT_Daily
PARSE_V1_UI_RAW_DATA_V2,xdr_pendo_raw_events
V1_Current_Onboard_Customer_Console_Usage_Employee,CLP_Account_UBT_Daily
Func_CLP_Account_License,CLP_Account_License
Func_CLP_Account_License,ARL_Customer_Annual_Value
Func_CLP_Account_License,SCH_Partner_Account
Func_CLP_Account_License,CLP_Account_License_Daily
Func_CLP_Account_License,CDE_Product_Hierarchy
_DS_Server_Setting_for_Early_Warning,ds_product_feedback
_DS_Server_Setting_for_Early_Warning,MAK_Account_GUID
_DS_Server_Setting_for_Early_Warning,ds_host
_DS_Agent_Setting_for_Early_Warning,ds_product_feedback
_DS_Agent_Setting_for_Early_Warning,MAK_Account_GUID
_DS_Agent_Setting_for_Early_Warning,ds_host
_C1WS_Server_Setting_for_Early_Warning,ds_product_feedback
_C1WS_Server_Setting_for_Early_Warning,MAK_Account_GUID
_C1WS_Server_Setting_for_Early_Warning,ds_host
_C1WS_Agent_Setting_for_Early_Warning,ds_product_feedback
_C1WS_Agent_Setting_for_Early_Warning,MAK_Account_GUID
_C1WS_Agent_Setting_for_Early_Warning,ds_host
Reports_Overview_Funnel,sase_tdl
RA_Assessment_Customer_Company_Size,MAK_Account_License
RA_Assessment_Customer_Company_Size,Assessment_Data
GET_ATTACK_PROTECTION_LATER,sase_tdl
SWG_customer_usage,CLP_Account_License
White_label_partners,CLP_Account_License
White_label_partners,dataLakeAPI
RA_Assessment_Customer_EPP_Data,xdr_xbc_agent_run_result
Func_C1_Customer_Ins_new,C1_Account_Usage_Daily
Func_C1_Customer_Ins_new,C1_Account_License
Credit_inApp_Promotion_Flatten_table,CLP_Account_License
Credit_inApp_Promotion_Flatten_table,_slog_ubtaudit
Func_C1_Deployed_Ins_new,C1_Account_Usage_Daily
Func_C1_Deployed_Ins_new,C1_Account_License
V1_Trial_Customer_Performance_Metrics,slog_category
V1_Trial_Customer_Performance_Metrics,xdr_pendo_events_flattened
V1_Trial_Customer_Performance_Metrics,CLP_Account_License
V1_Trial_Customer_Performance_Metrics,CLP_Account_UBT_Daily
V1_Trial_Customer_Performance_Metrics,CLP_Account_License_Daily
V1_Trial_Customer_Performance_Metrics,_slog_ubtaudit
_DS_Server_Setting_for_Early_Warning_BIF,ds_product_feedback
_DS_Server_Setting_for_Early_Warning_BIF,MAK_Account_GUID
_DS_Server_Setting_for_Early_Warning_BIF,ds_host
_DDI_Setting_for_Early_Warning,MAK_Account_GUID
_DDI_Setting_for_Early_Warning,ddi_product_feedback
ZTSA_SWG_Active_User_Info,V1_Account_Info
ZTSA_SWG_Active_User_Info,sase_temp
Func_C1_Customer_Usage,C1_Account_License
GET_ZTRI_SENSOR_LOGS_V2,dataLakeMetrics
NEW_ZTSA_IAM_Customer_daily,sase_tdl
NEW_ZTSA_IAM_Customer_wth_Enduser,dataLakeMetrics
NEW_ZTSA_IAM_Customer_wth_Enduser,sase_tdl
NEW_ZTSA_deployed_Customer_seat_range,CLP_Account_License
fed_ubt,tmsas_matomo_log_action_v2
Func_C1_Customer_Ins,C1_Account_Usage_Daily
Func_C1_Customer_Ins,C1_Account_License
vw_C1_Entitlement,c1_entitlement
vw_C1_Entitlement,C1_entitlement_dump20210728
vw_C1_Entitlement,azure_subscribers_legacy_dump20211029
vw_C1_Account_Usage_by_Level,C1_Account_Usage_Raw
R2209MainConsoleStatus,telemetry_collector_ti
SG2_Appliance_Registered,CLP_Account_License
ZTSA_ZTNA_Basic_Get_License,CLP_Account_License
SG2_Cus_Registered,CLP_Account_License
AutpPayGuard,telemetry_collector_ti
XDR_cus_not_expire,CLP_Account_License
Vision_One_Account_Summary_HUB_15_New,CLP_Account_License
Vision_One_Account_Summary_HUB_15_New,CLP_Account_UBT
Vision_One_Account_Summary_HUB_15_New,CLP_Account_CES_Daily
R2208PayGuard,telemetry_collector_ti
Tree_View_Report_Management_App,xdr_pendo_raw_events
NEW_ZTSA_accumulated_private_internet_temp,sase_tdl
Vision_One_Account_App_Usage_Trending_Mobile_Inventory_UI,xdr_pendo_feature_events
NEW_ZTSA_rule_enforcement_customers_temp,sase_tdl
GetDataSoucreMaxDate,C1_Account_Usage_Daily
GetDataSoucreMaxDate,CLP_Account_UBT_Daily
GetDataSoucreMaxDate,CLP_Account_License_Daily
GetDataSoucreMaxDate,CLP_Account_CES_Daily
GetDataSoucreMaxDate,C1_Account_License_Daily
Vision_One_Account_App_Usage_Trending_Campaign_Intel_UI,xdr_pendo_events_flattened
R22Q3DownloadScanPopup,telemetry_collector_ti
n1_cus_feature_pool,xdr_pendo_events_flattened
n1_cus_feature_pool,CLP_Account_License
n1_cus_feature_pool,CLP_Account_UBT
n1_cus_feature_pool,V1_Engagement_Score
n1_cus_feature_pool,MAK_Account_License
ZTSA_ZTNA_Basic_Get_IAM,sase_tdl
Func_V1_App_Usage_by_CLP,V1_App_Usage
Tree_View_Network_Inventory_App,xdr_pendo_events_flattened
Tree_View_Network_Inventory_App,CLP_Account_UBT_Daily
Tree_View_Network_Intrusion_Prevention_App,xdr_pendo_events_flattened
Tree_View_Network_Intrusion_Prevention_App,V1_user_account
Tree_View_Network_Intrusion_Prevention_App,CLP_Account_License
Tree_View_Network_Intrusion_Prevention_App,CLP_Account_UBT_Daily
Tree_View_Network_Intrusion_Prevention_App,Dim_Product
Tree_View_Network_Intrusion_Prevention_App,DvassEndpointNotification
Tree_View_Network_Intrusion_Prevention_App,Fact_Sold_Output_Data
ZTSA_ZTNA_Basic_Get_SSO,V1_user_account
ZTSA_ZTNA_Basic_Get_SSO,CLP_Account_License
ZTSA_ZTNA_Basic_Get_SSO,Poseidon_Idp_Federation_snapshot
BIF_endpoint_sensor_daily_snapshot,xdr_endpoint_agent
etl_get_pwp_user,connext_packages
etl_get_pwp_user,tm_account
etl_get_pwp_user,pwp_seats
etl_get_pwp_user,connext_licenses
etl_get_pwp_user,product_channel_sourceid
etl_get_pwp_user,tc_unique_device
etl_get_pwp_user,pwp_licenses
etl_get_pwp_user,connextv2_entitlements
slog_trace_appendlostdata,slog_trace_es
Pendo_Get_Raw_Track,xdr_pendo_track_types
slog_appendlostdata,slog_esbk
R2207R2208MobileFunnel,telemetry_collector
R2207R2208MobileFunnel,telemetry_collector_ti
R2211OMS,telemetry_collector_ti
R2211MainConsoleStatus,telemetry_collector_ti
etl_get_pwm_cloud_mode_user,tm_account
etl_get_pwm_cloud_mode_user,pwm_feature_usage
etl_get_pwm_cloud_mode_user,tc_unique_device
Func_V1_OpenApi_Ubt,slog_ubt_openapi
Vision_One_Account_Contact_App_Usage_Past_30d,CLP_Account_UBT
Vision_One_Account_Contact_App_Usage_Past_30d,_slog_ubtaudit
ZTSA_Credit_CLP_Info_Daily,CLP_Account_License
NI_customer_flatten_data,CLP_Account_License
NI_customer_flatten_data,CLP_Account_UBT_Daily
NI_customer_flatten_data,MAK_Account_License
etl_get_legalshield_metrics,partner_integration_report
etl_get_legalshield_metrics,eclog
etl_get_legalshield_metrics,telemetry_collector
etl_get_legalshield_metrics,connext_packages
etl_get_legalshield_metrics,pwp_user
etl_get_legalshield_metrics,legalshield_licenses
etl_get_legalshield_metrics,connext_licenses
etl_get_legalshield_metrics,connext_seats
NI_customer_ddi_deployed_type,ddi_product_feedback
etl_get_titanium_legalshield_weekly_report_metrics,partner_integration_report
legalshield_man_sn_hotfix,partner_integration_report
legalshield_man_sn_hotfix,eclog
legalshield_man_sn_hotfix,telemetry_collector
legalshield_man_sn_hotfix,connext_packages
legalshield_man_sn_hotfix,pwp_user
legalshield_man_sn_hotfix,legalshield_licenses
legalshield_man_sn_hotfix,connext_licenses
legalshield_man_sn_hotfix,connext_seats
Func_Forensics_And_Analysis_Use,xdr_pendo_events_flattened
Func_Forensics_And_Analysis_Use,V1_user_account
Func_Forensics_And_Analysis_Use,CLP_Account_License
Vision_One_Account_Summary,CLP_Account_License
Vision_One_Account_Summary,CLP_Account_UBT
Vision_One_Account_Summary,CLP_Account_CES_Daily
CES2_Sensor_Deployment,trilogyDataAPI
CES2_Sensor_Deployment,CLP_Account_UBT_Daily
CES2_Sensor_Deployment,CLP_Account_Risk_Insights_UBT_Daily
PARSE_V1_UI_RAW_DATA,xdr_pendo_raw_events
Func_V1_Product_Connect_Status_for_Tableau,CLP_Account_License
DVASS_Get_CLP_DataSource,DvassEndpointNotification
CES2_Threat_Intelligence,xdr_pendo_events_flattened
CES2_Threat_Intelligence,CLP_Account_UBT_Daily
CES2_Threat_Intelligence,xdr_pendo_features
CES2_Threat_Intelligence,xdr_pendo_feature_events
etl_get_tmms_weekly_report_metrics,mobilesecurity_user_daily
etl_get_tmms_weekly_report_metrics,country_alias
etl_get_tmms_weekly_report_metrics,tm_account
etl_get_tmms_weekly_report_metrics,connext_licenses
etl_get_tmms_weekly_report_metrics,connext_seats
R2301EmailDefender,telemetry_collector_carbon
R2211WeeklyReportPopup,telemetry_collector_ti
R2211SecurityReport,telemetry_collector_ti
Vision_One_Account_App_Usage_Trending_Zero_Trust_Secure_Access_UI,xdr_pendo_events_flattened
Trial_Account_CloudOne_Product_Usage_Summary,C1_Account_Usage
Trial_Account_CloudOne_Product_Usage_Summary,C1_Account_License
NI_in_use_clp,CLP_Account_UBT_Daily
V1_EPP_Product_Connect_List,CLP_Account_License
V1_EPP_Product_Connect_List,CLP_Account_License_Daily
NIPS_Drill_Down_Table,xdr_pendo_events_flattened
NIPS_Drill_Down_Table,V1_user_account
NIPS_Drill_Down_Table,CLP_Account_License
NIPS_Drill_Down_Table,CLP_Account_UBT
NIPS_Drill_Down_Table,CLP_Account_UBT_Daily
NIPS_Drill_Down_Table,DvassEndpointNotification
CE2_Get_TI_Score,xdr_pendo_events_flattened
CE2_Get_TI_Score,CLP_Account_UBT_Daily
Vision_One_Account_App_Usage_Trending_Sase,xdr_pendo_events_flattened
R2301VPN,telemetry_collector_ti
C1_Trial_Conversion_Rate_Customer_List,Ref_Valid_Customer_Details
C1_Trial_Conversion_Rate_Customer_List,CUS_Account_Profile
Tree_View_Vulnerability_Prioritization,CLP_Account_Risk_Insights_UBT_Daily
Tree_View_Vulnerability_Prioritization,DvassEndpointNotification
NI_provision_NS_connection_status,CLP_Account_License_Daily
SASE_ACTIVE_CLP_TEMP_FUNC,xdr_pendo_events_flattened
SASE_ACTIVE_CLP_TEMP_FUNC,CLP_Account_License
SASE_ACTIVE_CLP_TEMP_FUNC,sase_tdl
CLP_WHO_VISIT_V1_AND_SASE_Ling_FUNC,xdr_pendo_events_flattened
CLP_WHO_VISIT_V1_AND_SASE_Ling_FUNC,CLP_Account_License
Func_CLP_Account_CES_Full,CLP_Account_License
Func_CLP_Account_CES_Full,CLP_Account_UBT_Daily
Func_CLP_Account_CES_Full,CLP_Account_License_Daily
user_segmentation_30d,CLP_Account_License
user_segmentation_30d,V1VisitsV3
Func_NPS_Historical_Data,V1_user_account
Func_NPS_Historical_Data,CLP_Account_License
Tree_View_Response_Management,slog_category
Tree_View_Response_Management,xdr_pendo_raw_events
CE_get_EndpointInventory_metrics,slog_category
Tree_View_DMM,xdr_pendo_raw_events
NI_early_warning_target_Cus,network_sensor_daily_snapshot
R2203AMSFunnel,telemetry_collector
get_arp_count_and_duration_by_mdr_analyst,CLP_Account_License
get_arp_count_and_duration_by_mdr_analyst,CLP_Account_License_Daily
SG_Appliance_LastInfo,CLP_Account_License
NI_DDI_V1_support_Cus,MAK_Account_GUID
NI_DDI_V1_support_Cus,ddi_product_feedback
FW_Promotion_Log,CLP_Account_License
CE_get_risk_insight_drill_down_metrics,xdr_pendo_events_flattened
ZTRI_DAILY_ACTIVE_INUSE_Customers,xdr_pendo_events_flattened
ZTRI_DAILY_ACTIVE_INUSE_Customers,CLP_Account_License
ZTRI_DAILY_ACTIVE_INUSE_Customers,sase_tdl
CLP_WHO_VISIT_ZTRI_V2,xdr_pendo_raw_events
Tree_View_Sandbox_Analysis,xdr_pendo_events_flattened
Tree_View_Sandbox_Analysis,CLP_Account_UBT_Daily
Tree_View_Sandbox_Analysis,credit_allocation_daily_snapshot
ZTRI_CLPS_INFO_LAST_37d,xdr_pendo_events_flattened
ZTRI_CLPS_INFO_LAST_37d,CLP_Account_License
ZTRI_CLPS_INFO_LAST_37d,sase_tdl
ZTRI_CLPS_INFO_LAST_37d,CLP_Account_License_Daily
BIF_email_sensor_daily_snapshot_20220715_backup,cas_product_feedback
ZTRI_Accumulated_Sensors,sase_tdl
ZTRI_App_Usage,xdr_pendo_events_flattened
ZTRI_App_Usage,CLP_Account_License
ZTRI_Monthly_ACTIVE_INUSE_Customers,xdr_pendo_events_flattened
ZTRI_Monthly_ACTIVE_INUSE_Customers,CLP_Account_License
ZTRI_Monthly_ACTIVE_INUSE_Customers,sase_tdl
ZTRI_Weekly_ACTIVE_INUSE_Customers,xdr_pendo_events_flattened
ZTRI_Weekly_ACTIVE_INUSE_Customers,CLP_Account_License
ZTRI_Weekly_ACTIVE_INUSE_Customers,sase_tdl
ZTRI_Accumulated_Customers,sase_tdl
MOBILE_SECURITY_ENROLLED_DEVICE_FUNC,CLP_Account_License
ZTRI_CLPS_INFO_LAST_30d,xdr_pendo_events_flattened
ZTRI_CLPS_INFO_LAST_30d,CLP_Account_License
ZTRI_CLPS_INFO_LAST_30d,sase_tdl
ZTRI_CLPS_INFO_LAST_30d,CLP_Account_License_Daily
SASE_Accumulated_Customers,sase_tdl
SASE_CLPS_INFO_LAST_30d,xdr_pendo_events_flattened
SASE_CLPS_INFO_LAST_30d,CLP_Account_License
SASE_CLPS_INFO_LAST_30d,sase_tdl
SASE_CLPS_INFO_LAST_30d,CLP_Account_License_Daily
CLP_WHO_VISIT_V1_FUNC_DAILY,CLP_Account_License
CLP_WHO_VISIT_V1_FUNC_DAILY,CLP_Account_License_Daily
Tree_View_Intelligence_Report,xdr_pendo_events_flattened
Tree_View_Intelligence_Report,CLP_Account_UBT_Daily
SG_Appliance_Versions,CLP_Account_License
xxx_Func_First_Login_Month_App_Usage_Per_Day,CLP_Account_License
xxx_Func_First_Login_Month_App_Usage_Per_Day,CLP_Account_UBT
AMSPopup101Ctr,telemetry_collector
AMSPopup101Ctr,telemetry_collector_ti
XDR_risky_paid_customer,CLP_Account_License
Tree_View_Security_Playbooks,trilogy3_wae_triggered_task
Tree_View_Security_Playbooks,xdr_pendo_raw_events
Tree_View_Security_Playbooks,trilogy3_wae_playbook
CLP_WHO_VISIT_V1_FUNC,CLP_Account_License
CLP_WHO_VISIT_V1_AND_SASE_FUNC,xdr_pendo_events_flattened
CLP_WHO_VISIT_V1_AND_SASE_FUNC,CLP_Account_License
SG_Appliance_Setting,CLP_Account_License
SASE_ACTIVE_CLP_FUNC,xdr_pendo_events_flattened
SASE_ACTIVE_CLP_FUNC,CLP_Account_License
SASE_ACTIVE_CLP_FUNC,sase_tdl
CE_get_TPI_enabled_investigation,TPI_enabled_cus_stix_shifter
CE_get_TPI_enabled_investigation,TPI_enabled_cus_intelligence_feeds
user_segmentation_clp,CLP_Account_License
user_segmentation_clp,V1VisitsV3
SASE_ACTIVE_CLP_FUNC_Ling,xdr_pendo_events_flattened
SASE_ACTIVE_CLP_FUNC_Ling,CLP_Account_License
SASE_ACTIVE_CLP_FUNC_Ling,sase_tdl
CLP_WHO_VISIT_V1_FUNC2,CLP_Account_License
SASE_ACTIVE_CLP_FUNC2,CLP_Account_License
SASE_ACTIVE_CLP_FUNC2,sase_tdl
SASE_ACTIVE_CLP_FUNC2,xdr_pendo_events_flattened_sase
CLP_WHO_VISIT_V1_AND_SASE_FUNC2,CLP_Account_License
CLP_WHO_VISIT_V1_AND_SASE_FUNC2,xdr_pendo_events_flattened_sase
Func_Conversion_Rate_SASE,xdr_pendo_events_flattened
Func_Conversion_Rate_SASE,CLP_Account_License
Func_Conversion_Rate_SASE,CLP_Account_UBT
Func_Conversion_Rate_SASE,sase_tdl
V1CustomerSetFunc,CLP_Account_License
SG_Appliance_Registered,CLP_Account_License
CLP_WHO_VISIT_V1_AND_SASE_FUNC_Ling,xdr_pendo_events_flattened
CLP_WHO_VISIT_V1_AND_SASE_FUNC_Ling,CLP_Account_License
CLP_WHO_VISIT_V1_FUNC_Ling,CLP_Account_License
onelink_get_one_link_sources,telemetry_collector
SG_Cus_Registered,CLP_Account_License
Func_CLP_Account_License_Daily,CLP_Account_License
Func_CLP_Account_License_Daily,ARL_Customer_Annual_Value
Func_CLP_Account_License_Daily,CUS_CLP_AC_Mapping
Func_CLP_Account_License_Daily,CDE_Product_Hierarchy
CE_get_early_warning_metrics,slog_category
Func_V1_Endpoint_Sensor_Detail_for_Tableau,Deployed_Endpoint_Sensor_Count_Detail
Func_V1_Endpoint_Sensor_Detail_for_Tableau,CLP_Account_License
ZTSA_UBT_Agent_Log_Daily,sase_tdl
Func_V1_Sensor_Deployed_for_Tableau,CLP_Account_License
Func_V1_Sensor_Deployed_for_Tableau,CLP_Account_UBT_Daily
Func_MAK_Account_License_Daily_backup,MAK_Account_License
Func_Mobile_Security_Enrolled_Customer,credit_allocation_daily_snapshot
Func_MAP_MAK_Account_License_Daily,Dim_Product
OD_ACCOUNT_UI_Interaction,xdr_pendo_raw_events
Tree_View_Operations_Dashboard,xdr_pendo_events_flattened
Func_NIPS_Use,xdr_pendo_events_flattened
Func_NIPS_Use,V1_user_account
Func_NIPS_Use,CLP_Account_License
ZTSA_ZTNA_Basic_Get_App,sase_tdl
ZTSA_ZTNA_Basic_Get_Agent,sase_tdl
ZTSA_ZTNA_Retrive_Track_Event,sase_tdl
xxx_Func_App_Usage_Per_Day,xxx_Trial_to_Paid_Customers_Base
xxx_Func_Trial_to_Paid_UBT,xxx_Trial_to_Paid_Customers_Info
xxx_Func_Trial_to_Paid_UBT,xxx_First_Login_Month_App_Usage_Per_Day
xxx_Func_Trial_to_Paid_UBT,xxx_App_Usage_Per_Day
xdr_endpoint_agent_daily_snapshot_view_new,xdr_endpoint_agent
GET_ZTRI_SENSOR_STATUS_RAW_backup,sase_tdl
DVASS_Get_Vulnerability_detail,DeviceVulnerability
Mak_Guid_License,MAK_Account_License
Tree_View_Endpoint_Inventory_App,CLP_Account_UBT_Daily
Tree_View_Endpoint_Inventory_App,xdr_endpoint_policy
Tree_View_Endpoint_Inventory_App,xdr_endpoint_agent
ZTSA_ZTNA_Retrive_Setting_Change,sase_tdl
xdr_matomo_events_get_event_actions,tmsas_matomo_log_action_v2
xdr_matomo_events_get_event_actions,tmsas_matomo_log_action
xdr_matomo_events_v2,tmsas_matomo_log_action_v2
xdr_matomo_events_v2,tmsas_matomo_log_action
NIPS_in_use_clp,CLP_Account_UBT_Daily
ZTSA_ZTNA_Get_Track,xdr_pendo_raw_events
CES2_Zero_Trust_Secure_Access,sase_tdl
Func_CLP_Paid_Suite,CLP_Account_License
Func_CLP_Paid_Suite,Dim_Suite
Func_CLP_Paid_Product,CLP_Account_License
Func_CLP_Paid_Product,Dim_Product
BIF_Poseidon_Idp_Federation,PoseidonAccountDB_tblIdpFederation
Func_V1_TM_Product_Deployed_for_Tableau,CLP_Account_UBT
Func_V1_TM_Product_Deployed_for_Tableau,Dim_Region_BU
Func_V1_TM_Product_Deployed_for_Tableau,Dim_Product
Func_V1_TM_Product_Deployed_for_Tableau,Dim_Customer_Info
Func_V1_TM_Product_Deployed_for_Tableau,Fact_Sold_Output_Data
GET_V1_CUSTOMER_VISIT_Track,sase_tdl
xxx_Func_Trial_to_Paid_Customers_Info,xdr_pendo_events_flattened
xxx_Func_Trial_to_Paid_Customers_Info,CLP_Account_License
xxx_Func_Trial_to_Paid_Customers_Info,sase_tdl
xxx_Func_Trial_to_Paid_Customers_Info,CLP_Account_UBT_Daily
xxx_Func_Trial_to_Paid_Customers_Info,ACC_Account_Attribute
xxx_Func_Trial_to_Paid_Customers_Info,ACC_Dim_Solution_Transition
xxx_Func_Trial_to_Paid_Customers_Info,ACC_Dim_Solution_Combination
xxx_Func_Trial_to_Paid_Customers_Info,xxx_Trial_to_Paid_Customers_Base
BIF_ZTSA_Credit_Allocation_His,Poseidon_Agreement
BIF_ZTSA_Credit_Allocation_His,Poseidon_BatchUsage
BIF_ZTSA_Credit_Allocation_His,Poseidon_CompanyIdentities
BIF_ZTSA_Credit_Allocation_His,Poseidon_Entitlement
BIF_ZTSA_Credit_Allocation_His,Poseidon_Measurement
ZTSA_Customer_CLP_date_overview_fun,ZTSA_Customer_CLP_date_overview_table
DVASS_Get_Endpoint_Information,DvassEndpointNotification
BIF_Credit_Allocation_His,Poseidon_Agreement
BIF_Credit_Allocation_His,Poseidon_BatchUsage
BIF_Credit_Allocation_His,Poseidon_CompanyIdentities
BIF_Credit_Allocation_His,Poseidon_Entitlement
BIF_Credit_Allocation_His,Poseidon_Measurement
Tree_View_Campaign_Intelligence,xdr_pendo_events_flattened
Tree_View_Campaign_Intelligence,CLP_Account_UBT_Daily
xdr_matomo_events0210,tmsas_matomo_log_link_visit_action
xdr_matomo_events0210,tmsas_matomo_log_action_v2
xdr_matomo_events0210,tmsas_matomo_log_visit
xdr_matomo_events0210,tmsas_matomo_log_visit_v2
xdr_matomo_events0210,tmsas_matomo_log_link_visit_action_v2
xdr_matomo_events0210,tmsas_matomo_log_action
CLP_WHO_GRANTED_OPENLDAP,CLP_Account_License
CLP_WHO_GRANTED_OKTA,CLP_Account_License
n1_monthly_cus_table_temp,CLP_Account_UBT_Daily
n1_monthly_cus_table_temp,Dim_Product
n1_monthly_cus_table_temp,CUS_Account_Profile
n1_monthly_cus_table_temp,Fact_Sold_Output_Data
Trail_Customer_Detail,CLP_Account_License
Trail_Customer_Detail,CDE_Product_Hierarchy
xxx_Func_Trial_to_Paid_Customers_Base,CLP_Account_License
xxx_Func_Trial_to_Paid_Customers_Base,CLP_Account_UBT
Ti1773NSSAddMobileSeatFeedback,telemetry_collector_ti
rls_telemetry_collector_carbon,telemetry_collector_carbon
rls_telemetry_collector_carbon_sandbox,telemetry_collector_carbon_sandbox
Ti1773R22Q4InstallTime,telemetry_collector_ti
R2211InstallToolbarSurveyAbort,telemetry_collector_ti
R2211NoIntentionInstallToolbarSurvey,telemetry_collector_ti
Ti1773NSSAddMobileSeatActivate,telemetry_collector
Ti1773NSSAddMobileSeatActivate,telemetry_collector_ti
Ti1773NSSProtectAnotherDevice,telemetry_collector_ti
R2211MBE,telemetry_collector
R2211MBE,MBEListFromSupport
R2211User,telemetry_collector_ti
R2211User,tm_account
R2211User,t_license_snapshot_ext
Ti1773NSSIncompatSoftware,telemetry_collector_ti
CarbonVersionMonitor,telemetry_collector_carbon
Ti1773NSSUninstallSurvey,telemetry_collector_ti
Ti1773NSSRenewPopup,telemetry_collector_ti
TitaniumEcRecord,wse_e_cessp_license_snapshot_ext
TitaniumEcRecord,telemetry_collector_ti
TitaniumEcRecord,wse_e_bby_license_snapshot_ext
TitaniumEcRecord,t_license_snapshot_ext
TitaniumAUDashboard,telemetry_collector_ti
adf_get_ids_conversion_rate,idsecurity_user_daily
adf_get_ids_conversion_rate,country_alias
adf_get_ids_conversion_rate,idsafe_licenses_daily
adf_get_diamond_valid_paid_users,country_alias
adf_get_diamond_valid_paid_users,tm_account
adf_get_diamond_valid_paid_users,diamond_config
adf_get_diamond_valid_paid_users,diamond_license
adf_get_diamond_mau_wau_dau,diamond_station_log
adf_get_diamond_mau_wau_dau,country_alias
adf_get_diamond_mau_wau_dau,tm_account
adf_get_diamond_mau_wau_dau,diamond_config
adf_get_diamond_mau_wau_dau,diamond_license
CarbonUserNumber,telemetry_collector_carbon
TitaniumPaidLicense,t_license_snapshot_ext_daily
TitaniumPaidLicense,t_license_snapshot_ext
adf_get_ids_mau_wau_dau,telemetry_collector
adf_get_ids_mau_wau_dau,country_alias
adf_get_ids_mau_wau_dau,idsecurity_licenses
adf_get_ids_ar_enable_rate,country_alias
adf_get_ids_ar_enable_rate,idsecurity_licenses
adf_get_ids_dau_mau_ratio,telemetry_collector
adf_get_ids_dau_mau_ratio,country_alias
adf_get_ids_dau_mau_ratio,idsecurity_licenses
adf_get_ids_valid_paid_users,country_alias
adf_get_ids_valid_paid_users,idsecurity_licenses
adf_get_ids_free_user_base,country_alias
adf_get_ids_free_user_base,idsecurity_licenses
adf_get_tmc_free_user_base,country_alias
adf_get_tmc_free_user_base,tmc_user
adf_get_tmc_free_user_base,product_channel_sourceid
adf_get_tmc_dau_mau_ratio,telemetry_collector
adf_get_tmc_dau_mau_ratio,tmc_event_v2
adf_get_tmc_dau_mau_ratio,country_alias
adf_get_tmc_dau_mau_ratio,tmc_user
adf_get_tmc_dau_mau_ratio,product_channel_sourceid
adf_get_tmc_mau_wau_dau,telemetry_collector
adf_get_tmc_mau_wau_dau,tmc_event_v2
adf_get_tmc_mau_wau_dau,country_alias
adf_get_tmc_mau_wau_dau,tmc_user
adf_get_tmc_mau_wau_dau,product_channel_sourceid
TiUserPlidPkgvid,ti_pum
R177Users,ti_pum
R177Users,t_license_snapshot_ext_daily
R22Q3Users,telemetry_collector_ti
R22Q3Users,t_license_snapshot_ext
adf_get_autorenew_sn_changes,autorenew_sn_daily
adf_get_autorenew_sn_changes,t_license_snapshot_ext
adf_get_autorenew_sn_changes,connext_licenses
CarbonEmailDefenderActiveUser,EmailDefenderActiveUser
adf_get_tmc_user,telemetry_collector
adf_get_tmc_user,tmc_event_v2
adf_get_tmc_user,tmc_user
adf_get_tmc_user,product_channel_sourceid
CarbonPrivacyScanner,telemetry_collector
autorenew_droppoint,t_license_snapshot_ext_daily
autorenew_droppoint,terra_ccworder
autorenew_droppoint,autorenew_sn_changes
Ti177CesspJPSiaGetSNFromDNS,telemetry_collector_ti
CarbonBlockingPageBuyNow,telemetry_collector
CarbonBlockingPageBuyNow,telemetry_collector_ti
CarbonBlockingPageBuyNow,t_license_snapshot_ext
Ti177CesspJPInstallFunnel,telemetry_collector_ti
TitaniumDailyUserUpdate,t_license_snapshot_ext_daily
TitaniumDailyUserUpdate,t_license_snapshot_ext
rls_autorenew_sn_daily,autorenew_sn_daily
CarbonDarkMode,telemetry_collector
Ti177UsersAfterR2203,telemetry_collector_ti
etl_biz_keys_by_product,connext_packages
etl_biz_keys_by_product,vodafone_license
etl_biz_keys_by_product,connext_licenses
etl_biz_keys_by_product,terra_ccworder
etl_biz_keys_by_product,connextv2_entitlements
TrialUserMonthlyReport,ti_pum
TrialUserMonthlyReport,t_license_snapshot_ext
TrialUserMonthlyReport,product_channel_sourceid
tables_new_ingestion_count,FCT_DailyReport_V2
tables_new_ingestion_count,email_campaign_event_raw
tables_new_ingestion_count,License_Subscription_Daily
YanRequestNSSBaseline,telemetry_collector_ti
YanRequestNSSBaseline,t_license_snapshot_ext
YanRequestNSSBaseline,product_channel_sourceid
R2209User,telemetry_collector_ti
R2209User,t_license_snapshot_ext
etl_get_cleaneronepro_store_user,apple_store_server_notification_v1
etl_get_cleaneronepro_store_user,telemetry_collector
etl_get_cleaneronepro_store_user,product_channel_sourceid
etl_get_cleaneronepro_store_user,tc_unique_device
R2209FirstPayGuardUsage,telemetry_collector_ti
R2208User,telemetry_collector_ti
R2208User,t_license_snapshot_ext
Ti1773R22Q4InstallFunnel,telemetry_collector_ti
R22Q3UninstallSurvey,telemetry_collector_ti
R22Q3UninstallSurvey,t_license_snapshot_ext
R22XXUser,telemetry_collector_ti
TitaniumInstallationReport,telemetry_collector_ti
R2209NoIntentionInstallToolbarSurvey,telemetry_collector_ti
R2209InstallToolbarSurveyAbort,telemetry_collector_ti
adf_get_hns_sdk_valid_paid_users,hns_sdk_nec_licenses
adf_get_hns_sdk_valid_trial_users,hns_sdk_nec_licenses
adf_get_hns_sdk_mau_wau_dau,hns_station_log
adf_get_hns_sdk_mau_wau_dau,hns_sdk_nec_licenses
etl_get_telstra_product_installs,connext_packages
etl_get_telstra_product_installs,tm_account
etl_get_telstra_product_installs,connext_licenses
etl_get_telstra_product_installs,connext_seats
etl_get_telstra_product_installs,pwm_feature_usage
etl_get_tmc_weekly_report_metrics,telemetry_collector
etl_get_tmc_weekly_report_metrics,tmc_event_v2
etl_get_tmc_weekly_report_metrics,country_alias
etl_get_tmc_weekly_report_metrics,tmc_user
etl_get_tmc_weekly_report_metrics,product_channel_sourceid
etl_get_cleaneronepro_appstore_weekly_report_metrics,telemetry_collector
etl_get_cleaneronepro_appstore_weekly_report_metrics,country_alias
etl_get_cleaneronepro_appstore_weekly_report_metrics,product_channel_user_summary
etl_get_cleaneronepro_appstore_weekly_report_metrics,tc_unique_device
etl_get_antivirusone_untracked_report_metrics,country_alias
etl_get_antivirusone_untracked_report_metrics,product_channel_user_summary
etl_get_titanium_bby_weekly_report_metrics,License_Subscription_Daily
etl_get_titanium_cessp_weekly_report_metrics,eclog
etl_get_titanium_cessp_weekly_report_metrics,country_alias
etl_get_legalshield_product_installs,connext_packages
etl_get_legalshield_product_installs,tm_account
etl_get_legalshield_product_installs,legalshield_licenses
etl_get_legalshield_product_installs,connext_licenses
etl_get_legalshield_product_installs,connext_seats
etl_get_legalshield_product_installs,pwm_feature_usage
etl_get_legalshield_latest_subscription_count,partner_integration_report
etl_get_product_channel_user_summary_y_axis,product_channel_user_summary
etl_get_telstra_metrics,connext_packages
etl_get_telstra_metrics,connext_licenses
etl_get_telstra_metrics,connext_seats
etl_get_telstra_metrics,telstra_order_items
etl_get_vodafone_metrics,telemetry_collector
etl_get_vodafone_metrics,vodafone_license
adf_get_antivirusone_conversion_rate,country_alias
adf_get_antivirusone_conversion_rate,antivirusone_user_daily
etl_get_antivirusone_weekly_report_metrics,telemetry_collector
etl_get_antivirusone_weekly_report_metrics,country_alias
etl_get_antivirusone_weekly_report_metrics,antivirusone_user_daily
etl_get_cleaneronepro_weekly_report_metrics,eclog
etl_get_cleaneronepro_weekly_report_metrics,country_alias
etl_get_cleaneronepro_weekly_report_metrics,t_license_snapshot_ext_daily
etl_get_cleaneronepro_weekly_report_metrics,product_channel_sourceid
adf_get_pwp_conversion_rate,country_alias
adf_get_pwp_conversion_rate,pwp_user
adf_get_idsecurity_user,tm_account
adf_get_idsecurity_user,product_channel_sourceid
adf_get_idsecurity_user,tc_unique_device
adf_get_idsecurity_user,idsafe_licenses
etl_get_titanium_tmms_weekly_report_metrics,telemetry_collector
etl_get_titanium_tmms_weekly_report_metrics,mobilesecurity_user_daily
etl_get_titanium_tmms_weekly_report_metrics,country_alias
etl_get_titanium_tmms_weekly_report_metrics,t_license_snapshot_ext_daily
get_cleaneronepro_user,apple_store_server_notification_v1
get_cleaneronepro_user,telemetry_collector
get_cleaneronepro_user,product_channel_sourceid
get_cleaneronepro_user,tc_unique_device
Func_BPG_CAS_Invoice,REV_Sales_Inv_Lines_LMP
Func_BPG_CAS_Invoice,REV_Sales_Inv_SubLines
Func_BPG_CAS_Invoice,REV_Sales_Inv_Lines_Extend_NABU
Func_BPG_CAS_Invoice,CUS_Account_Profile
Func_BPG_CAS_Invoice,CDE_Product_Hierarchy
Func_BPG_CAS_Invoice,REV_Sales_Inv_Lines
Func_BPG_CAS_Invoice,REV_Sales_Inv_SubLines_LMP
Func_CUS_CLP_MAK_Delta,Change_Log_CUS_CLP_MAK
Func_BPG_DS_C1WS_Server_Tenant,Account_Intelligence
Func_BPG_DS_C1WS_Server_Tenant,CDE_Product_Group_Level2
Func_BPG_DS_C1WS_Agent_Version,Account_Intelligence
Func_BPG_DS_C1WS_Agent_Version,CDE_Product_Group_Level2
Func_BPG_DS_C1WS_Module_Enabled_Count,Account_Intelligence
Func_BPG_DS_C1WS_Module_Enabled_Count,CDE_Product_Group_Level2
Func_BPG_DS_C1WS_Module_Enabled_Count_Detail,Account_Intelligence
Func_BPG_DS_C1WS_Module_Enabled_Count_Detail,CDE_Product_Group_Level2
Func_BPG_DS_C1WS_Invoice,REV_Sales_Inv_Lines_LMP
Func_BPG_DS_C1WS_Invoice,REV_Sales_Inv_Lines_AWSM
Func_BPG_DS_C1WS_Invoice,REV_Sales_Inv_SubLines
Func_BPG_DS_C1WS_Invoice,REV_Sales_Inv_Lines_Extend_NABU
Func_BPG_DS_C1WS_Invoice,CDE_Product_Group_Level2
Func_BPG_DS_C1WS_Invoice,CUS_Account_Profile
Func_BPG_DS_C1WS_Invoice,CDE_Product_Hierarchy
Func_BPG_DS_C1WS_Invoice,REV_Sales_Inv_Lines
Func_BPG_DS_C1WS_Invoice,REV_Sales_Inv_SubLines_LMP
Func_G_Link_CLP_Account_Suggestion,CUS_Registered_Account_Profile
Func_G_Link_CLP_Account_Suggestion,CUS_CLP_AC_Mapping
Func_G_Link_CLP_Account_Suggestion,REV_Sales_Inv_SubLines
Func_G_Link_CLP_Account_Suggestion,REV_Sales_Inv_Lines
Func_G_Link_CLP_Account_Contact,CUS_Registered_Account_Contact
Func_BPG_Apex_One_SaaS_Invoice,REV_Sales_Inv_Lines_LMP
Func_BPG_Apex_One_SaaS_Invoice,REV_Sales_Inv_SubLines
Func_BPG_Apex_One_SaaS_Invoice,REV_Sales_Inv_Lines_Extend_NABU
Func_BPG_Apex_One_SaaS_Invoice,CUS_Account_Profile
Func_BPG_Apex_One_SaaS_Invoice,CDE_Product_Hierarchy
Func_BPG_Apex_One_SaaS_Invoice,REV_Sales_Inv_Lines
Func_BPG_Apex_One_SaaS_Invoice,REV_Sales_Inv_SubLines_LMP
Func_BPG_WFBSS_Invoice,REV_Sales_Inv_Lines_LMP
Func_BPG_WFBSS_Invoice,PRD_AC_SN_Profile
Func_BPG_WFBSS_Invoice,REV_Sales_Inv_SubLines
Func_BPG_WFBSS_Invoice,REV_Sales_Inv_Lines_Extend_NABU
Func_BPG_WFBSS_Invoice,CUS_Account_Profile
Func_BPG_WFBSS_Invoice,CDE_Product_Hierarchy
Func_BPG_WFBSS_Invoice,REV_Sales_Inv_Lines
Func_BPG_WFBSS_Invoice,REV_Sales_Inv_SubLines_LMP
Func_BPG_TP_Invoice,REV_Sales_Inv_SubLines
Func_BPG_TP_Invoice,REV_Sales_Inv_Lines_Extend_NABU
Func_BPG_TP_Invoice,CUS_Account_Profile
Func_BPG_TP_Invoice,CDE_Product_Hierarchy
Func_BPG_TP_Invoice,REV_Sales_Inv_Lines
etl_get_pwp_weekly_report_metrics,telemetry_collector
etl_get_pwp_weekly_report_metrics,country_alias
etl_get_pwp_weekly_report_metrics,pwp_user
etl_get_pwp_weekly_report_metrics,product_channel_sourceid
etl_get_product_channel_user_summary,product_channel_user_summary
adf_get_hns_sdk_auto_renew_enable_rate,hns_sdk_nec_licenses
adf_get_titanium_valid_trial_users,country_alias
adf_get_titanium_valid_trial_users,t_license_snapshot_ext_daily
adf_get_titanium_valid_trial_users,product_channel_sourceid
UMH_browser_UNprotected,telemetry_collector_ti
adf_get_diamond_ar_enable_rate_overall,country_alias
adf_get_diamond_ar_enable_rate_overall,tm_account
adf_get_diamond_ar_enable_rate_overall,diamond_config
adf_get_diamond_ar_enable_rate_overall,diamond_license
adf_get_titanium_conversion_rate,country_alias
adf_get_titanium_conversion_rate,tm_account
adf_get_titanium_conversion_rate,t_license_snapshot_ext_daily
adf_get_titanium_conversion_rate,product_channel_sourceid
adf_get_titanium_valid_paid_users,country_alias
adf_get_titanium_valid_paid_users,t_license_snapshot_ext_daily
adf_get_titanium_valid_paid_users,product_channel_sourceid
adf_get_titanium_ar_enable_rate_amea_americas_europe,country_alias
adf_get_titanium_ar_enable_rate_amea_americas_europe,t_license_snapshot_ext_daily
etl_get_titanium_weekly_report_metrics,eclog
etl_get_titanium_weekly_report_metrics,country_alias
etl_get_titanium_weekly_report_metrics,t_license_snapshot_ext_daily
etl_get_titanium_weekly_report_metrics,product_channel_sourceid
adf_get_titanium_ar_enable_rate_overall,country_alias
adf_get_titanium_ar_enable_rate_overall,t_license_snapshot_ext_daily
adf_get_titanium_ar_enable_rate_japan,t_license_snapshot_ext_daily
adf_get_titanium_mau,eclog
adf_get_titanium_mau,country_alias
adf_get_titanium_mau,t_license_snapshot_ext_daily
adf_get_titanium_mau,product_channel_sourceid
adf_get_titanium_wau,eclog
adf_get_titanium_wau,country_alias
adf_get_titanium_wau,t_license_snapshot_ext_daily
adf_get_titanium_wau,product_channel_sourceid
adf_get_titanium_dau,eclog
adf_get_titanium_dau,country_alias
adf_get_titanium_dau,t_license_snapshot_ext_daily
adf_get_titanium_dau,product_channel_sourceid
adf_get_diamond_ar_enable_rate,country_alias
adf_get_diamond_ar_enable_rate,tm_account
adf_get_diamond_ar_enable_rate,diamond_config
adf_get_diamond_ar_enable_rate,diamond_license
JapanXFullRenew,JapanXFullUser_2011to2208
JapanXFullRenew,t_license_snapshot_ext_daily
JapanXFullRenew,product_channel_sourceid
JapanXFullRenew,R2112N2112UserStatus_Engage_d
R2301User,telemetry_collector_ti
R2301User,tm_account
R2301User,t_license_snapshot_ext
etl_get_ids_weekly_report_metrics,telemetry_collector
etl_get_ids_weekly_report_metrics,idsecurity_user_daily
etl_get_ids_weekly_report_metrics,country_alias
etl_get_ids_weekly_report_metrics,idsafe_licenses_daily
etl_get_ids_weekly_report_metrics,product_channel_sourceid
etl_get_tmms_weekly_report_active_licenses,telemetry_collector
etl_get_tmms_weekly_report_active_licenses,country_alias
etl_get_tmms_weekly_report_active_licenses,tm_account
etl_get_tmms_weekly_report_active_licenses,mobilesecurity_user
Ti1773NSSInstallFunnel,telemetry_collector_ti
Ti1773R22Q4SystemCheckSource,telemetry_collector_ti
Ti1773R22Q4GetSNFromDns,telemetry_collector_ti
platinum_titanium_settings_status_get_column_count,platinum_titanium_settings_status
adf_get_titanium_monthly_active_device_count,eclog
adf_get_titanium_monthly_active_device_count,country_alias
adf_get_titanium_monthly_active_device_count,t_license_snapshot_ext_daily
etl_get_pwm_local_mode_user,tc_unique_device
CarbonPageRatingPopup,telemetry_collector_carbon
JapanXFullRenewDetail,telemetry_collector_ti
JapanXFullRenewDetail,t_license_snapshot_ext
JapanXFullRenewDetail,R2112N2112UserStatus_Engage_d
adf_get_hns_sdk_conversion_rate,hns_sdk_nec_licenses
adf_get_tmms_conversion_rate,mobilesecurity_user_daily
adf_get_tmms_conversion_rate,country_alias
etl_get_hns_sdk_weekly_report_metrics,hns_station_log
etl_get_hns_sdk_weekly_report_metrics,hns_sdk_nec_licenses
etl_get_diamond_weekly_report_metrics,diamond_station_log
etl_get_diamond_weekly_report_metrics,country_alias
etl_get_diamond_weekly_report_metrics,diamond_config
etl_get_diamond_weekly_report_metrics,diamond_license
etl_biz_keys_by_product_test,connext_packages
etl_biz_keys_by_product_test,vodafone_license
etl_biz_keys_by_product_test,connext_licenses
etl_biz_keys_by_product_test,terra_ccworder
etl_biz_keys_by_product_test,connextv2_entitlements
CarbonEmailDefenderFunnel,EmailDefenderActiveUser
CarbonEmailDefenderFunnel,telemetry_collector
Func_V1_omg,Deployed_Endpoint_Sensor_Count_Detail
v_c1_cloud_accounts_fact_table,c1_cloud_accounts_fact_table
Func_C1_Deployed_Ins_exp,C1_Account_Usage_Daily
Func_C1_Deployed_Ins_exp,C1_Account_License
vw_C1_Account_Usage_Daily,C1_Account_Usage_Daily
vw_C1_Usage_Extend,MAK_Channel_Daily
vw_C1_Usage_Extend,C1_Account_Mapping
vw_C1_Usage_Extend,C1_Usage
vw_C1_Entitlement_Daily_Extend,MAK_Channel_Daily
vw_C1_Entitlement_Daily_Extend,C1_Entitlement_Daily
vw_C1_Entitlement_Daily_Extend,C1_Account_Mapping
vw_C1_Entitlement_Daily_Extend,C1_Usage
Func_V1_haha,CLP_Account_UBT_Daily
vw_C1_NSVA,c1ns_daily_report
Func_Pre_Daily_Job_DQ,AWS_Channel_Daily
Func_Pre_Daily_Job_DQ,MAK_Channel_Daily
Func_Pre_Daily_Job_DQ,C1_Entitlement_Daily
Func_Pre_Daily_Job_DQ,C1_Account_Mapping
Func_Pre_Daily_Job_DQ,c1ns_daily_report
Func_Pre_Daily_Job_DQ,C1_Usage
Func_c1_trial_conversion_summary_backup,C1_Account_License
Func_c1_trial_conversion_trending_backup,C1_Account_License
byOS_test,Deployed_Endpoint_Sensor_Count_Detail
Func_C1_Account_Usage_test,C1_Account_Usage_Raw
Func_C1_Account_Usage_test,C1_Account_Mapping
vw_C1_Cloud_Accounts,c1_cloud_accounts
MobileActivated,telemetry_collector
MobileActivated,telemetry_collector_ti
MobileActivated,tm_account
MobileActivated,t_license_snapshot_ext
Fn_Active_Customer_By_Suite_Annual_Value_Range_Test3,Dim_Region_BU
Fn_Active_Customer_By_Suite_Annual_Value_Range_Test3,Ref_Valid_Customer_Details_Suite_L2
Fn_Active_Customer_By_Suite_Annual_Value_Range_Test3,Dim_Product
Fn_Active_Customer_By_Suite_Annual_Value_Range_Test3,Dim_Customer_Info
Fn_Active_Customer_By_Suite_Annual_Value_Range_Test3,Fact_Sold_Output_Data
Fn_Active_Customer_By_Suite_Annual_Value_Range_Test3,Ref_Customer_Value_Range_Base
Fn_Active_Customer_By_Suite_Annual_Value_Range,Dim_Region_BU
Fn_Active_Customer_By_Suite_Annual_Value_Range,Ref_Valid_Customer_Details_Suite_L2
Fn_Active_Customer_By_Suite_Annual_Value_Range,Dim_Product
Fn_Active_Customer_By_Suite_Annual_Value_Range,Dim_Customer_Info
Fn_Active_Customer_By_Suite_Annual_Value_Range,Fact_Sold_Output_Data
Fn_Active_Customer_By_Suite_Annual_Value_Range,Ref_Customer_Value_Range_Base
Fn_Active_Customer_By_Suite_Annual_Value_Range_Test2,Dim_Region_BU
Fn_Active_Customer_By_Suite_Annual_Value_Range_Test2,Ref_Valid_Customer_Details_Suite_L2
Fn_Active_Customer_By_Suite_Annual_Value_Range_Test2,Dim_Product
Fn_Active_Customer_By_Suite_Annual_Value_Range_Test2,Dim_Customer_Info
Fn_Active_Customer_By_Suite_Annual_Value_Range_Test2,Fact_Sold_Output_Data
Fn_Active_Customer_By_Suite_Annual_Value_Range_Test2,Ref_Customer_Value_Range_Base
AffirmTrust_Impacted_Customer,Dim_Region_BU
AffirmTrust_Impacted_Customer,Dim_Product
AffirmTrust_Impacted_Customer,Dim_Customer_Info
AffirmTrust_Impacted_Customer,Fact_Sold_Output_Data
vw_C1_Usage_Extend_exp,MAK_Channel_Daily
vw_C1_Usage_Extend_exp,C1_Account_Mapping
vw_C1_Usage_Extend_exp,C1_Usage
Fn_Customer_Churn_Rate,Customer_Churn_Tags
GetMergeJob,IndexLog
GetPendingJobs,IndexLog
GetMergingTables,IndexLog
Func_C1_Account_Mapping_2021,awsm_daily_usage
Func_C1_Account_Mapping_2021,REV_Sales_Inv_Lines_AWSM
Func_C1_Account_Mapping_2021,CUS_Account_Key_Map
Func_C1_Account_Mapping_2021,C1_Account_Mapping
Func_C1_Account_Mapping_2021,C1_entitlement_dump20210728
Func_C1_Account_Mapping_2021,C1_Usage
Func_C1_Account_Mapping_2021,c1_subscription_lifecycle
vw_C1_Subscription,c1_subscription_lifecycle
Func_c1_trial_conversion_summary_6m_version,C1_Account_License
Func_c1_trial_conversion_trending_real,C1_Account_License
xdr_matomo_etl,tmsas_matomo_log_action_v2
xdr_matomo_etl,tmsas_matomo_log_visit_v2
xdr_matomo_etl,tmsas_matomo_log_link_visit_action_v2
v_c1_pendo_feature_events,c1_pendo_features
v_c1_pendo_feature_events,c1_pendo_feature_events
v_c1_pendo_feature_events,c1_pendo_pages
v_c1_pendo_events_flattened,c1_pendo_guides
v_c1_pendo_events_flattened,c1_pendo_features
v_c1_pendo_events_flattened,c1_pendo_track_types
v_c1_pendo_events_flattened,c1_pendo_pages
xdr_matomo_events_back,tmsas_matomo_log_action_v2
xdr_matomo_events_back,tmsas_matomo_log_action
apex_matomo_events_bak,apex_matomo_log_visit_v2
apex_matomo_events_bak,apex_matomo_log_visit
Func_Security_Playbook_Use_CES,trilogy3_wae_triggered_task
Func_c1_trial_conversion_trending_test,C1_Account_License
CES2_Zero_Trust_Secure_Accessv2,sase_tdl
GET_PENDO_SURVEY,xdr_pendo_guides
GET_PENDO_SURVEY,xdr_pendo_poll_events
v_c1_pendo_page_events,c1_pendo_page_events
v_c1_pendo_page_events,c1_pendo_pages
v_c1_pendo_guide_events,c1_pendo_guides
v_c1_pendo_guide_events,c1_pendo_poll_events
v_c1_pendo_guide_events,c1_pendo_pages
v_c1_pendo_guide_events,c1_pendo_guide_events
Func_MAK_Channel_Daily,REV_Sales_Inv_Lines_LMP
Func_MAK_Channel_Daily,REV_Sales_Inv_Lines_AWSM
Func_MAK_Channel_Daily,REV_Sales_Inv_SubLines
Func_MAK_Channel_Daily,CDE_Product_Hierarchy
Func_MAK_Channel_Daily,REV_Sales_Inv_Lines
Func_MAK_Channel_Daily,REV_Sales_Inv_SubLines_LMP
Func_MAK_Channel_Daily,CDE_Product_ID9_Profile
Func_C1_Usage,c1_usage_data_v2
Func_C1_Usage,azure_subscribers_legacy_dump20211029
Func_c1_trial_conversion,C1_Account_License
Func_C1_Active_Customer,C1_Account_Usage_Daily
Func_C1_Active_Customer,CDE_Product_Hierarchy
Func_C1_Active_Customer,C1_Account_License
vw_All_C1_List,c1_account_lifecycle
vw_All_C1_List,c1_entitlement
vw_All_C1_List,c1_usage_data_v2
vw_All_C1_List,C1_entitlement_dump20210728
vw_All_C1_List,C1_Usage
vw_All_C1_List,c1_subscription_lifecycle
Func_c1_trial_conversion_bychannel,C1_Account_License
Func_c1_trial_conversion_trending,C1_Account_License
Func_c1_trial_conversion_mom,C1_Account_License
vw_C1_Account_Usage_Today,c1_account_lifecycle
vw_C1_Account_Usage_Today,c1_usage_data_v2
vw_C1_Account_Usage_Today,DS_AWSM_Country_BU_Mapping
vw_C1_Account_Usage_Today,C1_Account_Usage
vw_C1_Account_Usage_Today,C1_Account_Usage_Raw
vw_C1_Account_Usage_Today,MAK_Channel_Daily
vw_C1_Account_Usage_Today,C1_Account_Mapping
vw_C1_Account_Usage_Today,C1_Account_License
vw_C1_Account_Usage_Today,c1_subscription_lifecycle
Func_c1_trial_conversion_mom_test,C1_Account_License
Func_c1_trial_conversion_customer_list,Ref_Valid_Customer_Details_Suite_L2
Func_c1_trial_conversion_customer_list,Dim_Suite
Func_c1_trial_conversion_customer_list,C1_Account_License
Func_C1_Customer_Instance,C1_Account_Usage_Daily
Func_C1_Customer_Instance,C1_Account_License
vw_AWSM_Price_List,awsm_daily_usage
vw_AWSM_Price_List,C1_Usage
Func_c1_trial_conversion_funnel,C1_Account_License
Func_c1_trial_conversion_summary,C1_Account_License
Fn_Active_Customer_By_Suite_Annual_Value_Range_Ling,Dim_Region_BU
Fn_Active_Customer_By_Suite_Annual_Value_Range_Ling,Ref_Valid_Customer_Details_Suite_L2
Fn_Active_Customer_By_Suite_Annual_Value_Range_Ling,Dim_Product
Fn_Active_Customer_By_Suite_Annual_Value_Range_Ling,Dim_Customer_Info
Fn_Active_Customer_By_Suite_Annual_Value_Range_Ling,Fact_Sold_Output_Data
Fn_Active_Customer_By_Suite_Annual_Value_Range_Ling,Ref_Customer_Value_Range_Base
from_housecall_tav_user_metrics,telemetry_collector
from_housecall_tav_user_metrics,t_license_snapshot_ext
from_housecall_tav_user_metrics,terra_ccworder
R2203ActivatedMobileUsers,telemetry_collector
twkol_hare_he,telemetry_collector
onelink_get_new_blog_page_product_table,telemetry_collector
onelink_get_product_table,telemetry_collector
CarbonActiveUserNumber,telemetry_collector_carbon
rls_telstra_order_items,telstra_order_items
TrialWeeklyNumber,t_license_snapshot_ext
CarbonHttpsBlockingPage,telemetry_collector
CarbonHttpsBlockingPage,ti_wrs_mapping
R2203MCPadBtn,telemetry_collector_ti
CarbonPageRating,telemetry_collector
CarbonFirstSeePageRatingTime,telemetry_collector
CarbonTi_R202204_ToolbarUninstall,carbon_toolbar_uninstall_survey
CarbonTi_R202204_ToolbarUninstall,telemetry_collector
CarbonTi_R202204_ToolbarUninstall,carbon_toolbar_uninstall_survey_mapping
get_antivirusone_user,apple_store_server_notification_v1
get_antivirusone_user,telemetry_collector
get_antivirusone_user,product_channel_sourceid
get_antivirusone_user,tc_unique_device
rls_telemetry_collector_ti,telemetry_collector_ti
rls_telemetry_collector_ti_sandbox,telemetry_collector_ti_sandbox
VBValidUser,telemetry_collector_ti
VBValidUser,t_license_snapshot_ext_daily
TitaniumAutoRenew,t_license_snapshot_ext_daily
TitaniumAutoRenew,product_channel_sourceid
AMSFeedback,telemetry_collector
rls_vodafone_license,vodafone_license
is_tc_log_format_correct,telemetry_collector
titanium_user_base_by_channel,t_license_snapshot_ext
rls_terra_license,terra_license
rls_terra_license_daily,terra_license_daily
rlsfun,rls_test
titanium_user_base_from_housecall_daily,telemetry_collector
titanium_user_base_from_housecall_daily,t_license_snapshot_ext
titanium_user_base_from_housecall_daily,terra_ccworder
get_idsecurity_licenses,telemetry_collector
get_idsecurity_licenses,tm_account
get_idsecurity_licenses,product_channel_sourceid
get_idsecurity_licenses,idsafe_licenses
ti_premium_daily_sales,terra_ccworder
idsecurity_active_user,telemetry_collector
idsecurity_active_user,idsecurity_licenses
tc_error_input_daily,telemetry_collector
tc_error_input_daily,product_channel_sourceid
tc_error_input_daily,t_mobile_snapshot
ti_premium_enabled_product,connext_packages
ti_premium_enabled_product,tm_account
ti_premium_enabled_product,connext_licenses
ti_premium_enabled_product,connext_seats
mobilesecurity_user_base_daily,telemetry_collector
mobilesecurity_user_base_daily,product_channel_sourceid
mobilesecurity_user_base_daily,t_mobile_snapshot
mobilesecurity_user_base_by_channel,telemetry_collector
mobilesecurity_user_base_by_channel,t_mobile_snapshot
is_tc_log_sandbox_format_correct,telemetry_collector_sandbox
rls_ti_iot_event,ti_iot_event
rls_ti_iot_event_stg,ti_iot_event_stg
rls_performance_telemetry_collector,performance_telemetry_collector
rls_performance_telemetry_collector_sandbox,performance_telemetry_collector_sandbox
rls_telemetry_collector,telemetry_collector
TestFunction,terra_license
TestFunction_2,terra_license
rls_telemetry_collector_sandbox,telemetry_collector_sandbox
rls_t_license_snapshot_ext_daily,t_license_snapshot_ext_daily
rls_idsafe_licenses_daily,idsafe_licenses_daily
GetLastJobs,IndexLog
GET_TRILOGY_RISKS_SUM,dataLakeMetrics
v_xdr_pendo_track_events,xdr_pendo_track_types
v_xdr_pendo_track_events,xdr_pendo_track_events
XDR_get_trial_customers,CLP_Account_License_Daily
TPI_pendo_stix_shifter,xdr_pendo_events_flattened
BIF_endpoint_inventory_snapshot,xdr_endpoint_agent
xdr_pendo_raw_event,xdr_pendo_raw_events
xdr_pendo_raw_event,xdr_pendo_raw_realtime
existing_Cus,CLP_Account_License
existing_Cus,MAK_Account_GUID
existing_Cus,MAK_Account_License
existing_Cus_2,CLP_Account_License
existing_Cus_2,MAK_Account_GUID
existing_Cus_2,MAK_Account_License
XDR_cus_not_expire_v2,CLP_Account_License
v_xdr_pendo_feature_events,xdr_pendo_features
v_xdr_pendo_feature_events,xdr_pendo_feature_events
v_xdr_pendo_feature_events,xdr_pendo_pages
v_xdr_pendo_guide_events,xdr_pendo_guide_events
v_xdr_pendo_guide_events,xdr_pendo_guides
v_xdr_pendo_guide_events,xdr_pendo_pages
v_xdr_pendo_guide_events,xdr_pendo_poll_events
v_xdr_pendo_page_events,xdr_pendo_page_events
v_xdr_pendo_page_events,xdr_pendo_pages
mxdr_customer_clpid,CLP_Account_License
TPI_pendo_3rd_party_sharing,xdr_pendo_events_flattened
xdr_matomo_events_ethan,tmsas_matomo_log_link_visit_action
xdr_matomo_events_kevin,tmsas_matomo_log_link_visit_action
apex_matomo_events,apex_matomo_log_visit_v2
apex_matomo_events,apex_matomo_log_visit
Paid_license_expand,CLP_Account_License
Func_Conversion_Rate,CLP_Account_License
Func_Conversion_Rate,CLP_Account_UBT
Func_Conversion_Rate,CLP_Account_UBT_Daily
TPI_Cus_base_weekly,CLP_Account_License_Daily
CE_get_sensor_deploy_features,CLP_Account_UBT_Daily
CE_get_sensor_deploy_features,CLP_Account_License_Daily
CE_get_TPI_enabled_visibility,sase_tdl
mxdr_customer,CLP_Account_License
BIF_c1ws_endpoint_sensor_daily_snapshot,CLP_Account_License
BIF_c1ws_endpoint_sensor_daily_snapshot,ds_product_feedback
BIF_c1ws_endpoint_sensor_daily_snapshot,ds_host
XDR_get_paid_customers,CLP_Account_License_Daily
XDR_cus_base,CLP_Account_License_Daily
get_Enable_Rate_By_DynamicCompany,RealTimeScanSetting
get_Enable_Rate_By_DynamicCompany,SuspiciousConnectionSetting
get_Enable_Rate_By_DynamicCompany,WebReputationSetting
get_Enable_Rate_By_DynamicCompany,ScanNowSetting
get_Enable_Rate_By_DynamicCompany,PredictiveMachineLearningSetting
get_Enable_Rate_By_DynamicCompany,ManualScanSetting
get_Enable_Rate_By_DynamicCompany,ScheduledScanSetting
C1_Onboard_Customer_by_Service_Header,C1_Account_Usage_Daily
C1_Onboard_Customer_by_Service_Header,CDE_Product_Hierarchy
C1_Onboard_Customer_by_Service_Header,C1_Account_License
C1_Onboard_Customer_by_Service_Trending,C1_Account_Usage_Daily
C1_Onboard_Customer_by_Service_Trending,CDE_Product_Hierarchy
C1_Onboard_Customer_by_Service_Trending,C1_Account_License
Vision_One_Account_App_Usage_Get_CLP_By_MAK_new,CLP_Account_License
Get_ARR_Category,GSD_ARR_by_Category
CLP_Account_License_Selected_Field_For_Daily,CLP_Account_License
apexoneExpand,_temp
RealTimeScanSettingRawExpand,_temp
get_Enable_Rate_By_Company,RealTimeScanSetting
get_Enable_Rate_By_Company,SuspiciousConnectionSetting
get_Enable_Rate_By_Company,WebReputationSetting
get_Enable_Rate_By_Company,ScanNowSetting
get_Enable_Rate_By_Company,PredictiveMachineLearningSetting
get_Enable_Rate_By_Company,ManualScanSetting
get_Enable_Rate_By_Company,ScheduledScanSetting
fun_AgentBuildInfo_latest,AgentBuildInfo
TPI_SASE_tdl,sase_tdl
fun_ESAgentEnable_latest,ESAgentEnable
fun_RealTimeScanAction,RealTimeScanAction
fun_ScheduleScanAction,ScheduleScanAction
ApexOne_Server_BIF_FeatureFlagHiddenKey,AgentBuildInfo
ApexOne_Server_BIF_FeatureFlagHiddenKey,osce_product_feedback
ApexOne_Server_BIF_FeatureFlagHiddenKey,ServerInfo
RLS_check,RLS_config
Poseidon_Voucher_Lines,Poseidon_VoucherSourceIdentity
Poseidon_Voucher_Lines,Poseidon_Stock
Poseidon_Voucher_Lines,Poseidon_SourceType
Poseidon_Voucher_Lines,Poseidon_StockTransaction
Poseidon_Voucher_Lines,Poseidon_VoucherCreditRightResultActivity
Poseidon_Voucher_Lines,Poseidon_VoucherSource
Poseidon_Voucher_Lines,Poseidon_Voucher
Poseidon_Voucher_Lines,Poseidon_RightCollectionMappingRight
Poseidon_Voucher_Lines,Poseidon_RightResult
Poseidon_Voucher_Lines,Poseidon_VoucherTermForCredit
Poseidon_Voucher_Lines,Poseidon_VoucherTemplate
Poseidon_Voucher_Lines,Poseidon_CompanyIdentities
Poseidon_Voucher_Lines,Poseidon_RightCollection
Poseidon_Voucher_Lines,Poseidon_CreditVoucherContent
Poseidon_Credit_Allocation_Daily_Snapshot,Poseidon_UserCreditAllocationDailySnapshot
Poseidon_Credit_Allocation_Daily_Snapshot,Poseidon_CompanyIdentities
DDI_Valid_Cus,MAK_Account_License
TPI_Cus_base,CLP_Account_License
TPI_Cus_base,CLP_Account_UBT
TPI_pendo_connector_list,xdr_pendo_events_flattened
xdr_endpoint_agent_tenant,_xdr_endpoint_agent
slog_trace_pii_fact,_slog_trace
slog_ubtaudit_pii_fact,_slog_ubtaudit
EWA_Customer_Base,CLP_Account_License
EWA_Customer_Base,CLP_Account_UBT
EWA_Customer_Base,MAK_Account_License
pendodata,xdr_pendo_feature_events
CE_get_ztri_tdl_features,xdr_pendo_events_flattened
CE_get_ztri_tdl_features,sase_tdl
DDI_ever_licensed_cus,MAK_Account_License
NI_customer_base,CLP_Account_License
ZTSA_RuleConfiged_CLP_FUNC,sase_tdl
NI_customer_base_daily,CLP_Account_License
NI_customer_base_daily,CLP_Account_License_Daily
xdr_endpoint_agent_tenant_v3,_xdr_endpoint_agent
SASE_EXTERNAL_CLP_FUNC_V2,CLP_Account_License
SASE_EXTERNAL_CLP_FUNC_V2,CLP_Account_License_Daily
GET_ZERI_SENSOR_LOGCOUNT_DAILY,sase_tdl
Feature_Enabled_Status_ETL,MAK_Account_GUID
Feature_Enabled_Status_ETL,osce_product_feedback
Customer_Enabled_Counts_STG_ETL,CLP_Account_License
Customer_Enabled_Counts_STG_ETL,CLP_Account_UBT
Customer_Enabled_Counts_STG_ETL,MAK_Account_GUID
Customer_Enabled_Counts_STG_ETL,osce_product_feedback
SASE_EXTERNAL_CLP_Daily,CLP_Account_License
SASE_EXTERNAL_CLP_Daily,CLP_Account_License_Daily
FW_Customer_Seat_Range,CLP_Account_License
SASE_EXTERNAL_CLP_FUNC,CLP_Account_License
xdr_pendo_events_flattened_etl,xdr_pendo_track_types
xdr_pendo_events_flattened_etl,xdr_pendo_guides
xdr_pendo_events_flattened_etl,xdr_pendo_features
xdr_pendo_events_flattened_etl,xdr_pendo_pages
xdr_endopoint_agent_view,xdr_endpoint_agent
xdr_endopoint_agent_daily_snapshot_view,xdr_endpoint_agent
Func_MAK_Account_License_Daily,MAP_MAK_Account_License_Daily
Func_MAK_Account_License_Daily,MAK_Account_License
DVASS_Endpoint_Notify_Per_Company,DvassEndpointNotification
DVASS_Vulnerability_Per_Company_Per_Week,DeviceVulnerability
DVASS_Exploit_Attempt_Per_Company,ExploitAttemptStatistics
DVASS_Enabled_Agent_Per_Company,xdr_endpoint_agent
CLP_WITH_V1_ACTIVE_LICENSE_DAILY,CLP_Account_License
CLP_WITH_V1_ACTIVE_LICENSE_DAILY,CLP_Account_License_Daily
Func_CLP_Account_DQ,CLP_Account_License
Func_CLP_Account_DQ,CLP_Account_UBT
Func_CLP_Account_DQ,CLP_Account_UBT_Acknowledge_DQ
Func_CLP_Account_DQ,Trial_To_Paid_Conversion_Rate
Func_CLP_Account_DQ,CLP_Account_UBT_Daily
Func_CLP_Account_DQ,CLP_Account_CES_Daily
Func_CLP_Account_DQ_Before_Rename,CLP_Account_License
Func_CLP_Account_DQ_Before_Rename,CLP_Account_UBT
Func_CLP_Account_DQ_Before_Rename,CLP_Account_UBT_Acknowledge_DQ
Func_CLP_Account_DQ_Before_Rename,Trial_To_Paid_Conversion_Rate
Func_CLP_Account_DQ_Before_Rename,CLP_Account_UBT_Daily
Func_CLP_Account_DQ_Before_Rename,CLP_Account_CES_Daily
xdr_endpoint_agent_tenant_v2,_xdr_endpoint_agent
DDI_total_licensed_cus,CLP_Account_License
DDI_total_licensed_cus,MAK_Account_License
FW_Entitled_Customer,CLP_Account_License
xdr_endpoint_policy_status_tenant,_xdr_endpoint_policy_status
xdr_endpoint_policy_status_tenant,xdr_endpoint_policy_tenant
xdr_endpoint_policy_status_tenant,xdr_endpoint_policy_status
CE_get_risk_insight_metrics,xdr_pendo_events_flattened
slog_trace,_slog_trace
slog_ubtaudit,_slog_ubtaudit
SG_Cus_base,CLP_Account_License
SG_Cus_Accessed,CLP_Account_License
SG_Cus_Downloaded,CLP_Account_License
SG_Cus_Downloaded_Unique,CLP_Account_License
CE_get_TPI_enabled_network_blocking,TPI_enabled_cus_3rd_sharing
CE_get_TPI_enabled_network_blocking,TPI_enabled_cus_intelligence_feeds
xdr_matomo_events_bak,tmsas_matomo_log_link_visit_action
xdr_matomo_events_bak,tmsas_matomo_log_link_visit_action_v2
xdr_endpoint_agent_group_updatepolicy,_xdr_endpoint_agent_groups
xdr_endpoint_agent_group_updatepolicy,_xdr_endpoint_groups
CE_get_risk_insight_data_source,sase_tdl
Func_CLP_Account_CES,CLP_Account_License
Func_CLP_Account_CES,CLP_Account_License_Daily
XDR_cus_include_expired,CLP_Account_License
Customer_Enabled_Counts_ETL,CLP_Account_License
Customer_Enabled_Counts_ETL,CLP_Account_UBT
Customer_Enabled_Counts_ETL,MAK_Account_GUID
Customer_Enabled_Counts_ETL,osce_product_feedback
SANDBOX_ANALYSIS_ACTIVE_CLP_FUNC,xdr_pendo_events_flattened
SANDBOX_ANALYSIS_ACTIVE_CLP_FUNC,CLP_Account_License
SASE_TEST_DUAL_1_FUNC,CLP_Account_License
SASE_TEST_DUAL_1_FUNC,sase_tdl
SASE_TEST_DUAL_2_FUNC,CLP_Account_License
SASE_TEST_DUAL_2_FUNC,sase_tdl
slog_system,_slog_system
SANDBOX_ANALYSIS_ACTIVE_CLP_FUNC_Frost,xdr_pendo_events_flattened
SANDBOX_ANALYSIS_ACTIVE_CLP_FUNC_Frost,CLP_Account_License
NI_pendo_events,xdr_pendo_events_flattened
Customer_License_Base,CLP_Account_License
TPI_pendo_3rd_party_sharing_v2,xdr_pendo_events_flattened
xdr_endpoint_policy_tenant_policy,_xdr_endpoint_policy
xdr_endpoint_policy_tenant_policy,xdr_endpoint_policy_tenant
xdr_endpoint_policy_tenant_policy,xdr_endpoint_policy
xdr_endpoint_policy_deploy_switch_tenant,_xdr_endpoint_policy_deploy_switch
xdr_endpoint_policy_deploy_switch_tenant,xdr_endpoint_policy_deploy_switch
xdr_endpoint_policy_deploy_switch_tenant,xdr_endpoint_policy_tenant
Vision_One_Account_CLP_ID_Summary,CUS_Registered_Account_Profile
Vision_One_Account_CLP_ID_Summary,CLP_Account_UBT
Vision_One_Account_CLP_ID_Summary,CLP_Account_CES_Daily
Vision_One_Account_App_Usage_License_Detail,CLP_Account_License
Vision_One_Account_App_Usage_Get_CLP_By_MAK,CLP_Account_License
Product_Usage_Account_DS_C1WS_Head,Account_Intelligence
CLP_Account_CES,CLP_Account_CES_Daily
CLP_Account_License_Extend,CLP_Account_License
Onboard_Customer_Summarize_Score_Header,CLP_Account_UBT_Daily
Onboard_Customer_Summarize_Score_Header,CLP_Account_CES_Daily
Onboard_Customer_Summarize_Score_Trending,CLP_Account_UBT_Daily
Onboard_Customer_Summarize_Score_Trending,CLP_Account_CES_Daily
Vision_One_Engagement_Score_Trending,CLP_Account_CES_Daily
C1_Trial_Conversion_Rate_Channel_List,C1_Account_License
C1_Account_License_Daily,C1_Account_License_Daily
C1_Account_License_Daily,C1_Account_License
C1_Onboard_Customer_Header,C1_Account_Usage_Daily
C1_Onboard_Customer_Header,C1_Account_License
C1_Onboard_Customer_Trending,C1_Account_Usage_Daily
C1_Onboard_Customer_Trending,C1_Account_License
Product_Usage_Account_DS_C1WS_Module,Account_Intelligence
Onboard_Customer_Trending,CLP_Account_UBT_Daily
Vision_One_Account_Deployed_Sensor_Trending,CLP_Account_UBT_Daily
Vision_One_Account_Sensor_License_Detail,CLP_Account_License
Vision_One_Accounr_App_Usage_License_Detail,CLP_Account_License
V1_Trial_Conversion_Rate_Channel_List,CLP_Account_UBT_Daily
Trial_Account_CloudOne_Entitlement,CDE_Product_Hierarchy
Trial_Account_CloudOne_Entitlement,C1_Account_License
Trial_Account_CloudOne_License,CDE_Product_Hierarchy
Trial_Account_CloudOne_License,C1_Account_License
Trial_Account_Profile,CUS_Registered_Account_Profile
Trial_Account_Profile,CLP_Account_License
Trial_Account_Profile,MAP_FIN_Region_BU
Trial_Account_Profile,CUS_Account_Profile
Trial_Account_Profile,C1_Account_License
Vision_One_Account_App_Usage_Trending_Endpoints_Policies_UI,slog_category
Vision_One_Account_App_Usage_Trending_Endpoint_Inventory_UI,slog_category
Vision_One_Account_App_Usage_Trending_Security_Playbook_UI,slog_category
Product_Usage_Account_C1_Head,Account_Intelligence
Product_Usage_Account_C1_Module,Account_Intelligence
Product_Usage_Account_DS_Head,Account_Intelligence
Product_Usage_Account_DS_Module,Account_Intelligence
Vision_One_Account_App_Usage_Trending_Service_Gateway_Inventory_UI,slog_category
Vision_One_Account_App_Usage_Trending_Detection_Model_Management_API,slog_category
Vision_One_Account_App_Usage_Trending_Detection_Model_Management_UI,slog_category
Vision_One_Account_App_Usage_Trending_Email_Account_Inventory_API,slog_category
Vision_One_Account_App_Usage_Trending_Email_Account_Inventory_UI,slog_category
Vision_One_Account_App_Usage_Trending_OAT_UI,slog_category
Vision_One_Account_App_Usage_Trending_Sase_v2,xdr_pendo_events_flattened
Vision_One_Account_App_Usage_Trending_Sase_v2,CLP_Account_License
ZTSA_In_Use_Customer_all,CLP_Account_License
Product_Settings_ETL,DDI_Product_Settings
Product_Settings_ETL,C1WS_Product_Settings
Product_Settings_ETL,CAS_Product_Settings
Product_Settings_ETL,A1_Product_Settings
Product_Settings_ETL,DS_Product_Settings
Func_Fix_DateTime_Issue_For_CLP_Account_License,CLP_Account_License
CE_get_DVASS_metrics,xdr_pendo_events_flattened
user_segmentationv2,CLP_Account_License
user_segmentationv2,V1VisitsV3
Func_Trilogy_API,dataLakeAPI
user_segmentationv3,CLP_Account_License
user_segmentationv3,V1VisitsV3
Credit_Customer_Source_Dashboard,CLP_Account_UBT_Daily
CLP_WHO_USE_Help_Resource_Center,xdr_pendo_events_flattened
n1_monthly_cus_table,CLP_Account_UBT_Daily
n1_monthly_cus_table,Dim_Product
n1_monthly_cus_table,CUS_Account_Profile
n1_monthly_cus_table,Fact_Sold_Output_Data
CLP_CAS_License,CUS_Registered_Account_Profile
CLP_CAS_License,REV_Sales_Inv_Lines_LMP
CLP_CAS_License,CDE_Product_Hierarchy
CLP_CAS_License,REV_Sales_Inv_SubLines_LMP
Credit_Customer_Source_Trial,CLP_Account_UBT_Daily
xdr_endpoint_agent_tenant_v5,_xdr_endpoint_agent
xdr_endpoint_agent_tenant_v5,xdr_endpoint_agent
NEW_ZTSA_accumulated_private_internet,NEW_ZTSA_accumulated_private_internet_Temp3
Func_V1_Accumulated_Cus,CLP_Account_License
Func_V1_Accumulated_Cus,CLP_Account_License_Daily
xdr_matomo_events_shorten,tmsas_matomo_log_link_visit_action
xdr_matomo_events_shorten,tmsas_matomo_log_action_v2
xdr_matomo_events_shorten,tmsas_matomo_log_visit
xdr_matomo_events_shorten,tmsas_matomo_log_visit_v2
xdr_matomo_events_shorten,tmsas_matomo_log_link_visit_action_v2
xdr_matomo_events_shorten,tmsas_matomo_log_action
Func_Temp_API_CLP,V1_App_Usage
sase_tdl_DeviceVulnerability,sase_tdl
user_segmentation,CLP_Account_License
user_segmentation,V1VisitsV3
CAS_Product_All,cas_product_feedback
Assessment_tool_overview_test,CLP_Account_License
ddi_Fn_guid_with_latest_feedback_in_90d,ddi_product_feedback
risk_overview_front_end_raw_data,xdr_pendo_events_flattened
exposure_overview_front_end_raw_data,xdr_pendo_events_flattened
attack_overview_front_end_raw_data,xdr_pendo_events_flattened
TRI_get_enter_page_raw_data_Monica,xdr_pendo_events_flattened
Assessment_customers_attribute,CLP_Account_License
CE_get_OAT_copy_to_clipboard_bak,tmsas_matomo_log_link_visit_action
CE_get_OAT_copy_to_clipboard_bak,tmsas_matomo_log_visit
CE_get_OAT_copy_to_clipboard_bak,tmsas_matomo_log_action
Onboard_Customer_Header,CLP_Account_UBT_Daily
TRI_get_enter_page_raw_data_bak,xdr_pendo_events_flattened
TRI_get_enter_page_raw_data_t,xdr_pendo_events_flattened
CE_get_OAT_copy_to_clipboard,tmsas_matomo_log_link_visit_action
CE_get_OAT_copy_to_clipboard,tmsas_matomo_log_visit
CE_get_OAT_copy_to_clipboard,tmsas_matomo_log_action
CLP_WHO_GRANTED_AAD,CLP_Account_License
CLP_WHO_GRANTED_ONPREMISEDAD,CLP_Account_License
sase_tdl_DvassPatchedVulnerability,sase_tdl
Func_test_conn,test_conn
Assessment_tool_overviewv2,CLP_Account_License
RI_mitigate_or_prevent_risk_feature,xdr_pendo_events_flattened
XDR_SOC_Potential_Customer_List,CLP_Account_License
XDR_SOC_Potential_Customer_List,MAK_Account_License
RI_access_risk_feature,xdr_pendo_events_flattened
RI_visit_RI_apps,xdr_pendo_events_flattened
Func_V1_UBT_Customer_for_Tableau,CLP_Account_License
Func_V1_UBT_Customer_for_Tableau,CLP_Account_UBT_Daily
Func_V1_UBT_Customer_for_Tableau,CLP_Account_License_Daily
Func_V1_UBT_Customer_for_Tableau,CLP_Account_CES_Daily
redalert_OpenSSL_assessment,CLP_Account_License
Func_V1_Engagement_Score_for_Tableau,CLP_Account_License
Func_V1_Engagement_Score_for_Tableau,CLP_Account_UBT_Daily
Func_V1_Engagement_Score_for_Tableau,V1_Engagement_Score
xdr_endpoint_agent_daily_snapshot_view,xdr_endpoint_agent
V1_Parse_Highchart_Click,xdr_pendo_raw_events
V1_Parse_Element_Click,xdr_pendo_raw_events
FW_Complimentary_Credit_Eligible_Customer_Old,CLP_Account_License
FW_Complimentary_Credit_Eligible_Customer_Old,MAK_Account_License
GET_V1_URL_APP_MAPPINGS,xdr_pendo_raw_events
GET_Pendo_Events_With_App_Pages,xdr_pendo_raw_events
CLP_Daily_Data,CLP_Account_UBT_Daily
EAI_UI_Interaction,xdr_pendo_raw_events
ED_ACCOUNT_UI_Interaction,xdr_pendo_raw_events
GET_V1_CUSTOMER_VISIT_ASSETS,sase_tdl
GET_V1_CUSTOMER_VISIT_ASSETS,xdr_pendo_raw_events
Func_V1_Deployed_bySensor_backup,CLP_Account_UBT_Daily
TRI_get_ExecutiveDashboard_used_temp,xdr_pendo_events_flattened
CE_get_DVASS_deployment_metrics,DvassEndpointNotification
CE_get_DVASS_vuln_devices_metrics,DeviceVulnerability
CE_get_DVASS_MTTP_metrics,SoftwareNotification
Assessment_tool_overview_temp,CLP_Account_License
Func_CLP_Account_DQ_test,CLP_Account_License
Func_CLP_Account_DQ_test,CLP_Account_UBT
Func_CLP_Account_DQ_test,CLP_Account_UBT_Acknowledge_DQ
Func_CLP_Account_DQ_test,Trial_To_Paid_Conversion_Rate
Func_CLP_Account_DQ_test,CLP_Account_UBT_Daily
Func_CLP_Account_DQ_test,CLP_Account_CES_Daily
CE_get_DVASS_MTTP_metrics_by_patched,DvassPatchedVulnerability
Func_Hubble_CLP_Account_UBT_Addon,CLP_Account_UBT
Func_Hubble_CLP_Account_UBT_Addon,CLP_Account_UBT_Daily
Func_Hubble_CLP_Account_UBT_Addon,CLP_Account_Risk_Insights_UBT_Daily
xdr_matomo_events_max,tmsas_matomo_log_link_visit_action
xdr_matomo_events_max,tmsas_matomo_log_action_v2
xdr_matomo_events_max,tmsas_matomo_log_visit
xdr_matomo_events_max,tmsas_matomo_log_visit_v2
xdr_matomo_events_max,tmsas_matomo_log_link_visit_action_v2
xdr_matomo_events_max,tmsas_matomo_log_action
DVASS_Get_UI_Interaction,xdr_pendo_raw_events
DVASS_Get_Unpatch_Vulnerabilities,DeviceVulnerability
Func_Hubble_CLP_Account_UBT_Addon_Daily,CLP_Account_UBT
Func_Hubble_CLP_Account_UBT_Addon_Daily,CLP_Account_UBT_Daily
Func_Hubble_CLP_Account_UBT_Addon_Daily,CLP_Account_Risk_Insights_UBT_Daily
expand_other_product_from_tp,MAK_Account_License
xdr_endpoint_policy_tenant_custom_setting,_xdr_endpoint_policy_custom_setting
xdr_endpoint_policy_tenant_custom_setting,xdr_endpoint_policy_tenant
xdr_endpoint_policy_tenant_custom_setting,xdr_endpoint_policy_custom_setting
CE_get_DVASS_vuln_devices_metrics_v2,DeviceVulnerability
CE_get_DVASS_vuln_devices_metrics_v2,DvassEndpointNotification
Func_V1_App_Usage_for_Tableau,CLP_Account_License
Func_V1_App_Usage_for_Tableau,V1_App_Usage
V1_XDR_Customer_List_by_EPP_Product,CLP_Account_License
V1_XDR_Customer_List_by_EPP_Product,MAK_Account_License
BIF_endpoint_sensor_daily_snapshot_0930,xdr_endpoint_agent
V1_NPS_List_Possible_SOC,CLP_Account_License
V1_NPS_List_Possible_SOC,xdr_pendo_poll_events
Func_V1_Conversion_Rate_List,CLP_Account_License
Func_V1_Conversion_Rate_List,Trial_To_Paid_Conversion_Rate
Func_V1_Conversion_Rate_List,CLP_Account_UBT_Daily
CAS_NEW_UI,xdr_pendo_raw_events
ZTSA_ZTNA_Deployed_Daily_FUNC,sase_tdl
FW_MAK_With_Click_Log,MAK_Account_GUID
GET_RISK_INDEX,sase_tdl
GET_CVE_INFO,sase_tdl
GET_GLOBAL_CVE_INFO,sase_tdl
GET_ATTACK_INDEX,sase_tdl
GET_ATTACK_PHASES_OVERVIEW,sase_tdl
GET_SITE_RISK_INDEX,sase_tdl
GET_ATTACK_DETECTIONS,sase_tdl
sase_tdl_AggregatedDevicev3,sase_tdl
GET_GLOBAL_ATTACK_DETECTIONS,sase_tdl
GET_ATTACK_MIGRATIONS,sase_tdl
GET_GLOBAL_ATTACK_MIGRATIONS,sase_tdl
Credit_inApp_Promotion_SG_Cus_Eligible,CLP_Account_License
Credit_inApp_Promotion_SG_Cus_Eligible,CLP_Account_UBT
Credit_inApp_Promotion_Credit_Cus_Eligible,CLP_Account_License
Credit_inApp_Promotion_Credit_Cus_Eligible,CLP_Account_UBT
Credit_inApp_Promotion_License_Cus_Eligible,CLP_Account_License
Credit_inApp_Promotion_License_Cus_Eligible,CLP_Account_UBT
RA_CLP_V1_License,CLP_Account_License
RA_CLP_V1_License,CLP_Account_License_Daily
GET_ZTRI_SENSOR_STATUS_RAW,sase_tdl
Customer_GUIDS,MAK_Account_GUID
C1WS_Product_Settings_ETL,C1WS_Server_Setting_for_Early_Warning
C1WS_Product_Settings_ETL,MAK_Account_GUID
DS_Product_Settings_ETL,DS_Server_Setting_for_Early_Warning
DS_Product_Settings_ETL,MAK_Account_GUID
A1_Product_Settings_ETL,ApexOne_Server_Setting_for_Early_Warning
A1_Product_Settings_ETL,MAK_Account_GUID
DDI_Product_Settings_ETL,MAK_Account_GUID
DDI_Product_Settings_ETL,DDI_Setting_for_Early_Warning
CAS_Product_Settings_ETL,CLP_Account_License
CAS_Product_Settings_ETL,CAS_Server_Setting_for_Early_Warning
Enable_Sensor_CLP_FUNC,sase_tdl
DVASS_Vulnerability_Per_Company,DeviceVulnerability
ZTSA_ZTNA_CLP_Daily_FUNC,sase_tdl
DS_File_List,ds_product_feedback
_ApexOne_Server_Setting_for_Early_Warning,MAK_Account_GUID
_ApexOne_Server_Setting_for_Early_Warning,osce_product_feedback
GET_ZTRI_SENSOR_LOGS,dataLakeMetrics
GET_ZTRI_RISK_EVENTS,dataLakeMetrics
ApexOne_RT_Setting_Action,RealTimeScanSetting
ApexOne_RT_Setting_Action,RealTimeScanAction
_CAS_Agent_Setting_for_Early_Warning,cas_product_feedback
_CAS_Server_Setting_for_Early_Warning,cas_product_feedback
xdr_endpoint_policy_agent_info_tenant,xdr_endpoint_policy_tenant
xdr_endpoint_policy_agent_info_tenant,_xdr_endpoint_policy_agent_info
xdr_endpoint_policy_agent_info_tenant,xdr_endpoint_policy_agent_info
GET_ES_EPP,sase_tdl
sase_tdl_idscore,sase_tdl
Assessment_tool_overview_fun,CLP_Account_License
Assessment_tool_overview,CLP_Account_License
Func_V1_Deployed_bySensor,CLP_Account_UBT_Daily
Security_assess_visit_7d,CLP_Account_License
Security_assess_startassess_7d,CLP_Account_License
Security_assess_completeassess_7d,CLP_Account_License
sase_tdl_dataLakeAPI,sase_tdl
DVASS_SUSPICIOUS_VDI_AGENTS,SoftwareNotification
DVASS_VALID_CUSTOMERS,CLP_Account_License
Func_V1_Deployed_byOS,Deployed_Endpoint_Sensor_Count_Detail
Credit_Customer_Source,CLP_Account_UBT_Daily
Func_Conversion_Rate_Full,CLP_Account_License
Func_Conversion_Rate_Full,CLP_Account_UBT
Func_Conversion_Rate_Full,CLP_Account_UBT_Daily
GET_FEATURE_ADOPTION_RATE,sase_tdl
Assessment_tool_overview_apr,CLP_Account_License
Func_CLP_Account_DQ_Before_Rename_Jerry,CLP_Account_License
Func_CLP_Account_DQ_Before_Rename_Jerry,CLP_Account_UBT
Func_CLP_Account_DQ_Before_Rename_Jerry,CLP_Account_UBT_Acknowledge_DQ
Func_CLP_Account_DQ_Before_Rename_Jerry,Trial_To_Paid_Conversion_Rate
Func_CLP_Account_DQ_Before_Rename_Jerry,CLP_Account_UBT_Daily
Func_CLP_Account_DQ_Before_Rename_Jerry,CLP_Account_CES_Daily
V1_Current_Onboard_Customer_Seat_Range,CLP_Account_License
V1_Current_Onboard_Customer_Seat_Range,CLP_Account_UBT_Daily
Func_CLP_Account_UBT_Daily_DB_Sync,CLP_Account_UBT_Daily
Reports_Visit,xdr_pendo_events_flattened
ddi_Fn_valid_cus,MAK_Account_License
ddi_Fn_guid_with_latest_feedback_in_1d,ddi_product_feedback
Func_CLP_Account_DQ_Temp,CLP_Account_License
Func_CLP_Account_DQ_Temp,CLP_Account_UBT_Daily
NEW_ZTSA_rule_enforcement_customers,NEW_ZTSA_rule_enforcement_customers_temp3
NEW_ZTSA_privateassess_customers,xdr_endpoint_agent
GET_DISCOVERED_ATTACK_SURFACE_30_DAYS,sase_tdl
Func_V1_Conversion_Rate_Trending,CLP_Account_License
Func_V1_Conversion_Rate_Trending,Trial_To_Paid_Conversion_Rate
GET_TRILOGY_RISK_EVENTS,dataLakeMetrics
NEW_ZTSA_customers_30d,NEW_ZTSA_customers_30d_temp3
Func_V1_Conversion_Rate_Summary,Trial_To_Paid_Conversion_Rate
GET_DVASS_0DAY_ALERT,sase_tdl
ddi_Fn_guid_with_latest_feedback,ddi_product_feedback
Upcoming_Renewal,ARL_NABU_Opportunity_Header
Upcoming_Renewal,SCH_Sales_Rep
Upcoming_Renewal,ARL_NABU_Opportunity
